"PLAYER_ID","BIRTH_DATE","BIRTH_COUNTRY","BIRTH_STATE","WEIGHT","HEIGHT","BATS","THROWS","DEBUT"
"60fd54d6c854797c5465246f9b6a1ce6",2000-10-03,"USA","GA",185,74,"L","R","2022-04-08"
"442b17b81924a2b87d18523498472eee",1987-01-29,"Cuba","Cienfuegos",235,75,"R","R","2014-03-31"
"a9e36184c13b79c05af92b316cd76375",1999-06-24,"Venezuela","Zulia",215,70,"L","L","2023-08-22"
"59bcfd7cfe0204b465a9c85b00debbde",1997-12-18,"Venezuela","Vargas",205,72,"R","R","2018-04-25"
"fc1b0ad395f75db23ac66029fedc0e84",1995-09-02,"D.R.","Santiago",210,72,"R","R","2018-05-22"
"3ff56c075446d20f65fe8c826167d97a",1999-10-18,"USA","MS",181,74,"R","R","2023-08-02"
"bcd8c385c4f0912f7a19d2196cdf3637",1996-06-26,"USA","CA",249,76,"R","R","2021-06-08"
"e444a5676b8f51e2cf46a9fc0cf6f05f",1999-04-08,"USA","NC",215,75,"R","R","2020-08-04"
"b1cc8ad7e8c20e6e1f2b812afd4c0674",1989-08-21,"Venezuela","Miranda",198,73,"B","R","2013-09-08"
"7c9642d8df2cc97e5384e822ba554c24",1990-06-30,"Venezuela","Aragua",277,75,"R","R","2014-05-15"
"8c1b090283c0ff7b621be7353a3ad6b2",1994-09-11,"USA","CA",168,74,"L","L","2022-08-26"
"0e20c88e031608016c252baa8dbc13c9",1990-03-15,"USA","MA",201,74,"R","R","2014-06-29"
"d3fb6f9186a62dfdb211f09fae41c3af",1992-10-17,"D.R.","Duarte",215,71,"R","R","2015-05-29"
"e643824eeaa8249d3f0048e9a868a8ed",1997-01-07,"Curacao",,165,68,"B","R","2017-08-01"
"b66d18984bfd8dc7c31df2b63ebd4e58",1996-07-10,"D.R.","Santo Domingo",151,69,"B","R","2020-09-06"
"c695697a1f5017cddb3efe80a6802e05",1999-06-11,"USA","FL",160,72,"R","R","2024-03-28"
"ec71fc47496b876d8abaff7eabc498e0",1994-07-14,"USA","IL",203,74,"R","L","2019-07-03"
"a878c6209a02bbf2192c3f137be7f299",1993-06-11,"Colombia","Sucre",230,75,"R","R","2016-09-12"
"bc2280e3d89d7973bb1787d93a5ca9a3",1994-07-20,"USA","MS",215,73,"R","R","2017-05-19"
"c71103b91c0a87351c5bb6f9448fed9a",1994-01-16,"USA","MO",219,74,"L","R","2019-05-11"
"ecc1a15831c63fd0ef2e4fcf4c15d9e5",1993-03-15,"USA","CA",185,72,"B","R","2017-09-01"
"2d723cdc06d9b7ad6416ebc2b66e655f",1998-10-08,"USA","CA",166,68,"R","R","2022-04-19"
"e30c8fafbfc5ca081065706a234d4db4",1989-06-27,"D.R.","Distrito Nacional",223,70,"B","R","2013-08-30"
"59f3c9c14a94605a63b2375b207e414f",1994-04-16,"USA","FL",190,74,"R","R","2016-06-07"
"9e80d998ac12c541f0f8f230869e0ac5",1994-12-07,"USA","FL",253,74,"R","R","2019-03-28"
"4cd66ec66eed9b27e1fd7ee13f39c6cb",1990-05-06,"Venezuela","Carabobo",166,66,"R","R","2011-07-20"
"50ccf03d557a213afd802283e3440cd8",1997-04-06,"USA","NJ",186,70,"L","R","2023-05-09"
"3eac9bf473ba283991d5ecb4fd160791",1995-05-21,"Venezuela","Zulia",240,72,"L","L","2017-05-03"
"87fa8fb53ed0def3f5af25320681eee4",1990-01-30,"USA","FL",185,69,"L","R","2020-08-05"
"6a65d95a57106a517ffb036466083562",2001-11-19,"Venezuela","Miranda",242,70,"R","R","2022-09-30"
"46fa1a9d3d87d49fb7f22e473970cc6b",2003-04-11,"USA","CA",190,70,"R","R","2024-07-22"
"6ba204d074c651261c76d3d5b1f9c20a",1997-06-27,"Cuba","Las Tunas",225,77,"L","R","2019-06-09"
"9a50874dc6c47274d9fc78c9145ec9d1",1998-09-03,"USA","CA",180,72,"R","R","2023-06-18"
"ba23b90f797c59a5a65cdddd38218d12",1999-03-09,"Panama","Herrera",230,72,"R","R","2023-05-04"
"8256f6c2066455f3b5fb25d408824b57",1993-05-19,"USA","OK",208,75,"R","R","2017-09-01"
"4bc988f9b03c005408c76e5e2c0d33d7",1993-06-23,"USA","AL",185,73,"R","R","2016-06-10"
"ae8fc5cf957356ba9d520a4c92f55592",1989-12-30,"USA","NV",220,74,"L","L","2016-06-12"
"2ccb4fc61aab2db21fd1eb77f882f811",1988-08-26,"Venezuela","Aragua",210,72,"R","R","2009-04-06"
"cbe8f703289a6003cebfb178d4b0c899",1995-03-02,"D.R.","San Cristóbal",211,72,"R","R","2017-06-28"
"40ba33281e4b56a2ef30d73d1f422c24",1994-04-22,"D.R.","Distrito Nacional",220,76,"R","R","2018-08-19"
"0c73cf2de305c300fe8dd6ce0f8c0d1c",1998-05-23,"Mexico","Baja California",210,72,"L","R","2022-06-24"
"022dca5bc55bb857942e9a259bd8f870",1998-08-03,"Panama","Chiriqui",195,72,"B","R","2020-07-24"
"36df0c47f01c34d398f594ed37093728",1994-08-04,"Venezuela","Anzoátegui",187,72,"R","R","2016-08-02"
"d1ba3144617b0a8dbec7307448838c09",1991-04-16,"USA","CA",215,74,"R","R","2013-04-28"
"f13ac179af5f5b646942c103ee34a684",2000-02-27,"Venezuela","Aragua",217,73,"R","R","2022-04-20"
"980037ec8a2b3992943b3e0e158ac620",1995-02-28,"Cuba","La Habana",185,71,"R","R","2019-08-14"
"6b0cebd69ed9d91c8568c927eacc4ba8",1997-04-09,"Venezuela","Yaracuy",175,70,"L","R","2019-05-18"
"2d30199bc38d25dab488ecb3801b2519",1995-05-30,"USA","FL",210,73,"R","R","2017-04-24"
"bf1aa0b5ba1b736ee207ed7871b752b8",1991-10-14,"Venezuela","Anzoátegui",225,69,"R","R","2018-06-30"
"ac0e0b9ad8eaac80cd0e2936e0393800",1996-05-11,"Venezuela","Sucre",181,71,"R","R","2022-04-07"
"06276358307ec90d1afbfd21888047e7",1998-08-16,"USA","MD",214,73,"L","L","2021-04-04"
"70d161c5f02bab89875431225ec73dc9",1994-06-03,"USA","NY",210,72,"R","R","2017-07-25"
"9c949fe024347a7248ee0e37d2af7999",1999-07-26,"South Korea","Daegu",185,73,"L","R","2022-09-23"
"b470db77575ae96d8f26084d5409e3f8",1992-12-01,"P.R.",,190,72,"R","R","2014-08-05"
"1f2764e55bace5d4890e04d1193fa5b9",1999-05-29,"USA","NC",210,72,"B","R","2023-05-19"
"93e33cbe51dbd3ec7520a0605bf4c64a",1997-03-10,"USA","TX",280,76,"R","R","2023-06-04"
"4543e89a28e838e0408e4ddff0196c45",1996-04-22,"USA","IL",180,68,"R","R","2022-05-12"
"ad02f9fe5123e19178d556e964118abc",1989-12-28,"USA","CA",187,70,"R","R","2015-05-24"
"d4b63a3f02f07aacf4378e7dc4bd6826",1991-01-07,"USA","IN",192,71,"B","R","2014-04-03"
"4223e1419d8036cfb4ed2f6603bf3bf2",1995-11-15,"D.R.","Santiago",195,72,"L","L","2021-05-19"
"240729dea17b4910beacf11b427c6393",1994-09-15,"USA","TX",215,72,"R","R","2019-09-14"
"3118acfe0552dc47c71217596822c5b8",1998-04-05,"Cuba","La Habana",175,74,"R","R","2020-08-27"
"c6f128def8c23461ddcec5ef7b3ef4b0",2001-02-17,"Venezuela","Carabobo",165,66,"B","L","2024-04-01"
"f023632f1d11f1cec75827f15df9c984",1996-12-15,"USA","GA",238,74,"R","R","2020-08-20"
"91a9255c7541101ad7907d8030623b31",2000-09-13,"Venezuela","Sucre",188,71,"R","R","2023-08-13"
"a1e5b7824390ce25a7e2e96f30c0e989",1995-06-22,"USA","CT",180,71,"R","R","2022-06-30"
"b777b5777b1211aadc99c5e43c20a064",1999-11-13,"USA","TX",211,75,"L","R","2022-08-17"
"c0ed671fb4b304eb11bd006638e0bf0a",1995-10-06,"USA","CA",195,73,"L","L","2018-06-07"
"a0e4cc46940a3d61709f54b5af3f87d4",1993-04-28,"USA","GA",215,72,"L","R","2019-04-30"
"b550bdc916173e06ce9d735f8eaf08bc",1990-01-27,"USA","GA",215,72,"R","R","2013-09-19"
"5b037b8ce29174b1c581ef3dc6c6a5b8",1996-09-18,"USA","IL",213,75,"L","R","2021-09-10"
"63be7ab7e1b1b3ffff4b5c104068eddc",1992-08-14,"USA","TX",261,76,"B","R","2016-07-08"
"6217fc6ffc1101a7b88ba334b08b6577",1995-07-13,"USA","AZ",203,76,"L","L","2017-04-25"
"8848a642fd468573cebccede2130a843",1988-04-20,"USA","TX",231,75,"L","L","2011-03-31"
"2d6a752163697a4052f4f6d87e1a2341",1990-01-18,"USA","MN",200,74,"L","R","2019-05-12"
"7b9d04d556de060c976687434da1784a",1994-07-06,"USA","OH",180,69,"L","L","2016-08-02"
"86e6ecb8b605bea244f4aa2ed7eedd99",1998-06-16,"USA","GA",230,77,"L","L","2022-08-01"
"118175f5fb311af9e95553ff15139013",1990-09-24,"USA","CA",195,74,"R","R","2022-08-12"
"10b9609ec818ad97246c7d9cb5c452f0",1990-01-22,"USA","MI",190,70,"R","R","2018-09-26"
"4a308d9de30c54c4e27c2a50c3a1a6b3",1991-09-02,"Panama","Panama",205,75,"R","R","2013-09-29"
"ee1dc9ca7eb8b0d520c94ccd354002a2",1992-10-07,"USA","TN",180,69,"R","R","2014-06-29"
"712599e342814002d1c9229ba5338518",1998-03-05,"USA","FL",190,72,"R","R","2019-07-29"
"16e2e080ad22099a24ccdd9eece1a249",1995-04-11,"USA","TX",200,74,"L","R","2019-05-24"
"7fe7f61b17dc89acdd8cd696cfa11a02",1986-07-01,"USA","GA",221,75,"L","L","2011-06-07"
"bd5790b5583bc8fa111b10f8698c7128",1993-04-26,"Cuba","Camagüey",170,72,"R","R","2022-05-20"
"91ebc953d39bd3dea024dbe532bcc0ad",1996-08-03,"USA","PA",230,74,"L","R","2020-09-15"
"e15f3abd549d5e5bad70ec8eff41cf1a",1997-11-10,"USA","PA",205,75,"L","L","2022-07-23"
"2d24002a9f967216bb260c7161b5da33",1992-10-01,"Aruba","Oranjestad",218,74,"R","R","2013-08-20"
"7cb9b3952307d7074356be7c291e74fa",1996-08-03,"USA","NE",218,77,"R","R","2020-08-13"
"b98e5e3438e852b532450e966ea52f81",1994-01-15,"USA","GA",180,74,"B","R","2019-05-03"
"7a0699a8e01c4cda860c5337638acc9a",1993-04-07,"USA","CO",205,73,"R","R","2018-04-21"
"3effb2627c2586191ba66008b341f828",1996-05-16,"USA","CA",215,75,"R","R","2022-06-19"
"51603205875eff25475af9bb55f6dfe1",1996-05-29,"USA","MS",225,73,"L","R","2019-06-23"
"59323e1ebb2c37b019db7316a2c86f83",1990-04-19,"USA","VA",196,70,"L","R","2013-04-01"
"0362cbeaf94940560ce976dc8717c221",1987-05-15,"USA","WA",209,74,"L","L","2009-09-01"
"0e0ac4fa799bd5a744586879aac653ef",1989-07-14,"USA","CA",191,72,"L","R","2012-08-14"
"02d0c55a7dd5081b11a87fac652e9ba8",1994-03-30,"USA","NM",192,72,"R","R","2016-07-25"
"81d00091d26ddd085577d7c0017da048",1998-02-02,"USA","CO",200,72,"L","L","2022-09-21"
"acb6e230d169500f524a3fa237b374ce",1995-12-27,"USA","OK",200,70,"R","R","2022-06-14"
"93b0ebb65ff8a047f9f6c962f8203124",1994-05-08,"USA","FL",212,77,"R","R","2017-06-11"
"349bec7ed23f647ce4993af612c8434e",1994-03-15,"USA","IN",205,70,"R","R","2019-06-23"
"4fd881568d125a0c4918cb0de863d1a4",1992-07-13,"USA","OR",223,73,"L","L","2019-08-26"
"8e8d62f987e262227170c62e362f4021",1998-02-09,"D.R.","San Pedro de Macorís",180,70,"B","R","2021-07-07"
"60996a6b12e5b304a3ce0086cf7896fa",1992-01-04,"USA","NV",230,77,"R","R","2015-04-17"
"a015bdbe7911cfc3d54a43b23fcabb7b",1997-02-26,"USA","OH",205,72,"R","R","2022-08-05"
"d2f79637320adc3367f737035cc5ca6d",1996-04-10,"USA","MO",230,74,"R","R","2021-07-02"
"642cc089c593213b8cb56b76cc53aa9c",1998-11-25,"USA","NC",212,74,"L","L","2022-09-08"
"95a52b1dff58b6f826896b0b781c84ac",1997-11-09,"USA","MN",210,73,"L","R","2023-04-25"
"7acd432610da20075fb0b85369fdac56",2000-07-10,"USA","NJ",210,75,"L","R","2023-08-11"
"d610405e9e7cba463f26e110923a30a9",1993-12-18,"USA","GA",190,74,"R","R","2015-06-14"
"3f2d098e9e043698e1c9104cf5c64b6c",1996-08-30,"Panama","Panama",185,69,"R","R","2023-04-15"
"bb62f7e6e3895c013f7649b70692b533",1997-05-03,"USA","TN",204,74,"L","R","2023-07-14"
"eb09596e4b17b3dbd2678ed016c2328f",1983-04-18,"Venezuela","Aragua",267,76,"R","R","2003-06-20"
"2585201faf25e3250e1722d0af1ab7dd",1999-03-01,"Venezuela","Miranda",200,72,"B","R","2022-08-17"
"a08aca6b1d5324e615db21241ac88394",1986-04-13,"USA","GA",214,74,"R","R","2010-07-16"
"9680d02c5d9c09661323503b3e11870f",1987-10-14,"USA","AZ",205,70,"L","L","2012-05-22"
"22435acd591bc63f24957c5a9391bd4e",1994-11-04,"USA","CA",200,68,"L","R","2017-09-12"
"f65459ee2b648131e13955e35f3a74b0",1994-09-27,"USA","MN",188,71,"R","R","2022-07-11"
"f0aaabab2e8ea678498e1cbf49ea98ca",1993-12-13,"Panama","Panama",195,72,"B","R","2017-04-11"
"9e28d0eb295aeec98ac138f9d5ba6970",1997-01-15,"USA","GA",185,74,"R","R","2020-09-09"
"60ce2aa77f3b5cd9d3d2a4c19627e1d3",2003-07-05,"D.R.","Distrito Nacional",157,73,"R","R","2023-09-23"
"968effba292f6342b98359c8d30338d3",1998-09-29,"USA","GA",232,71,"R","R","2020-09-04"
"bc28b9832f53fb3399899b6208503857",2000-05-07,"D.R.","Monte Cristi",165,71,"R","R","2023-09-06"
"7b00a853e19ccbe4d29db14e8db5bf00",1993-11-24,"USA","NY",216,73,"B","R","2016-07-03"
"aba168fb6feff9c146829ea1ff87ed90",1989-02-15,"USA","CA",192,74,"R","R","2015-04-08"
"81e9ded38fbc2c3dde6c4b9a58f7b4b7",1982-10-22,"D.R.","San Pedro de Macorís",228,72,"L","R","2005-05-03"
"73bdac90e32c8b27d8fffef581c10a94",1997-08-16,"USA","OH",190,71,"L","R","2023-07-08"
"be4ca2dd06aeb641e1d647e9932578da",1997-05-19,"USA","TX",185,73,"L","L","2022-06-27"
"0d9a87de43fd64b228d113c79338ec30",1996-07-07,"USA","FL",175,68,"R","R","2022-05-01"
"96ba7c3e743a4117dbdb338b2f82acee",1993-08-17,"P.R.",,215,73,"B","R","2017-06-28"
"d8f23585988c84c8c87323e17a15d19a",1998-10-23,"USA","CA",205,74,"B","L","2020-08-15"
"8b3d59bea99f74043cea3be9705b9089",1997-09-02,"USA","FL",220,74,"L","R","2022-08-10"
"4c9e65d9e4780a2169abdc6ba57c806e",1985-11-26,"USA","TX",210,76,"L","R","2011-06-04"
"c43e997315fa73bd83b838383d3c4012",2000-08-21,"USA","WA",165,70,"L","L","2022-08-29"
"962a6846fea4b765ddf219ee295aae09",2002-08-29,"USA","TN",190,74,"L","R","2023-09-08"
"771aa4cee026e8b42958ea99ae0023a0",1988-11-09,"USA","CA",220,74,"R","R","2014-07-18"
"83d57b529f6343547e64d401ea7cf715",2000-01-15,"USA","FL",252,76,"L","R","2022-09-04"
"e27668a155dc79c481bf3db463abbb47",1992-03-04,"USA","FL",203,76,"R","R","2013-09-01"
"45bdffd2c21a374d4628ecdd397f4098",1997-10-28,"Venezuela","Lara",185,71,"R","R","2022-04-07"
"ade3f41d1d4ee0c50c585b65d1c1fbe3",1992-12-12,"D.R.","Peravia",200,74,"R","R","2017-06-23"
"f502953e045cb6ee11772aad6666670c",1993-11-30,"Venezuela","Distrito Capital",195,70,"L","R","2018-09-23"
"ba6b37bc587e36f3b7c5b4be123e6b12",1987-06-18,"USA","CA",215,75,"L","R","2010-06-22"
"3ba43790ee054634fd499884248ca37c",1999-05-21,"D.R.","San Pedro de Macorís",205,72,"B","R","2021-04-21"
"9993091ae666a121f9ff90834335a37f",1997-04-24,"P.R.",,206,73,"B","R","2019-08-24"
"ce31340d0132538621609994bb998577",1992-12-04,"USA","VA",200,72,"L","L","2018-05-19"
"d9d5edd17af0a10445b317ddf313152e",1999-02-13,"D.R.","Distrito Nacional",170,72,"R","L","2021-06-02"
"5ac9e13164c825e42b7fa0348debdd5f",1995-08-18,"Taiwan","Taitung",180,73,"R","R","2019-06-28"
"ee73d5b7b5aec9ac5439ea9d26ac0863",1993-04-28,"USA","CA",215,72,"R","R","2017-06-15"
"b3a4774747aab35e854081b58f55295f",1995-08-11,"USA","GA",190,70,"R","R","2019-04-20"
"c89b3e0adda8869d009d8cda58a02fe5",1984-06-05,"Venezuela","Falcón",220,73,"R","R","2011-07-18"
"4b99e8edf6ded3494fb2a8b66a1a2bec",1998-02-01,"Bahamas","New Providence",184,71,"L","R","2020-09-01"
"40693fea29ddf74e32c638d3b7af34fd",1991-05-19,"South Korea","Incheon",260,73,"L","R","2016-04-05"
"21bd87c90e8f7981f7ec42b665e7edf0",2004-03-11,"Venezuela","Zulia",204,72,"R","R","2024-03-29"
"4b300bd1a707a24cb503f464f1841c73",1996-05-15,"USA","TX",200,73,"L","R","2022-05-31"
"9ff68d1960b52fbe8ced5aeeef36e48c",1996-03-22,"USA","NY",170,72,"R","R","2021-06-13"
"ad39892f8e04fa777f89bf9d286e368f",1998-09-17,"Cuba","La Habana",220,71,"L","L","2023-03-30"
"8f0a686f3e9a126dd3779c701930d0ff",1995-02-06,"USA","FL",220,75,"L","R","2019-06-19"
"66d0e8d7c854beec4ca42d93474e441a",1993-03-01,"USA","WA",215,73,"L","R","2015-07-24"
"c5d9cb7e30c6cc8e98b41030f10dc4cb",1995-01-24,"USA","CA",195,72,"L","R","2022-05-11"
"85354e8d1630ab4ed8cb37c1d84af2d3",1997-12-24,"Venezuela","Carabobo",180,72,"R","R","2020-07-24"
"4065f1a7cca31b9116a716fc6ae7ec01",1992-05-13,"Venezuela","Carabobo",225,73,"R","R","2016-06-17"
"04ff3d5c9c25118fcecca57ab041be49",1990-12-25,"USA","AL",235,77,"R","R","2017-07-14"
"995e4f0fb879c5d24326dd42ec65fb2d",1994-09-02,"D.R.","Azua",226,75,"L","R","2017-05-27"
"335856b0cbfc3832f009fec332360016",1994-09-22,"P.R.",,220,76,"R","R","2015-06-08"
"bd55b210304fa9796ee2c151006e073b",2000-03-20,"USA","TX",220,74,"L","R","2023-07-05"
"d5bfa3fe39abd04cbd930448ee08089f",1987-01-21,"USA","CA",223,73,"L","R","2011-05-27"
"7fa678476cec771e5c9fbc0c0e27b55b",1995-01-11,"USA","CA",202,74,"L","R","2017-09-05"
"5fdad4e016ad84f8527c89a68059c7c5",1996-04-01,"USA","FL",209,73,"R","R","2021-09-05"
"b551f7f9c903b08dd7a5b2e3512c257c",1990-01-05,"USA","CA",235,76,"R","R","2014-05-03"
"0c33d338dcf3a61da98dde986c194620",1994-01-21,"USA","MI",187,72,"L","R","2020-07-26"
"f74b99042336326dab595e4588950318",1995-07-12,"D.R.","María Trinidad Sánchez",220,75,"R","R","2022-06-30"
"2f8a8b989f4b046f91c08f5705fed1b1",1995-12-10,"USA","IA",185,68,"R","R","2023-09-19"
"5821119bcc052640a603ca7acc223467",2002-03-25,"USA","CA",184,71,"L","L","2023-09-11"
"fee7b40d2e6119a0e5b5d0cd955b48e5",1980-07-01,"D.R.","Monte Cristi",230,74,"R","R","2005-09-17"
"358fa77c4017e65bcb1b3df1652aa4a0",1998-10-04,"D.R.","Peravia",220,79,"L","R","2021-10-02"
"b195770516d9a75be99fcb699578ba17",1989-04-10,"USA","GA",200,73,"R","R","2012-05-13"
"bce72cd24381faf62d4fe57e88976270",1994-04-01,"USA","AL",197,74,"L","R","2016-07-25"
"f2a1594f5d8836fee4bc4ff5146b65d3",1995-06-29,"USA","WA",227,76,"R","R","2020-08-30"
"bb13d5a376cc4545bb676bc364ded05e",1989-02-10,"USA","CA",210,74,"R","R","2013-08-17"
"cd311450022d7662cef61ed965e65c53",1991-03-26,"USA","CA",230,75,"R","R","2013-08-11"
"65f6fd7afa67550cedc51aced501990d",1997-07-28,"USA","CA",185,76,"R","R","2022-10-01"
"d9caeede3ab01deb02792cb69b39a3a6",1999-09-21,"USA","NY",210,72,"R","R","2023-06-19"
"86c93ad87350ef86b68e8998e1845e31",1993-04-27,"USA","CA",222,73,"R","R","2017-08-05"
"73b62792a0004c71be20b8370c0ec58e",1994-07-01,"USA","NC",205,71,"R","R","2019-09-04"
"34e944beedd66470c981993c7922560a",1992-05-12,"USA","AR",190,68,"R","R","2018-09-05"
"94ea87fae3cc86da90336ef6deac5f11",1995-05-19,"USA","OH",217,74,"L","R","2021-04-14"
"bfd0f988242fda85d5d888c117a0dbcd",1994-02-28,"Venezuela","Aragua",207,74,"R","R","2019-04-09"
"d8b8cba35f3acc69c7c3bd4c9bf2efcd",1996-12-16,"D.R.","Santo Domingo",175,74,"R","R","2021-04-11"
"174f6e324871e580eb9e37ec8e031027",2002-01-11,"D.R.","Monte Plata",200,77,"B","R","2023-06-06"
"9458e4d907b728552943128f419b6374",1993-10-14,"USA","TX",215,72,"R","R","2018-08-15"
"e23ffdf5ef7ebda324ccabfc1175af73",1993-08-02,"USA","FL",205,72,"R","R","2017-05-28"
"4826b193429f8b571330c6787ee604b7",1995-03-07,"USA","TX",200,71,"R","R","2022-06-14"
"88b90874d8ad1196bb0ff34049f19da8",1998-07-10,"USA","CA",200,72,"R","R","2023-06-07"
"8ea956239e1c8a17d9204620401e10b2",1994-08-09,"USA","MO",200,75,"R","R","2022-09-02"
"d1a397eba9bf4712d6bdded5c458ac32",1994-09-30,"USA","NY",180,72,"R","R","2019-08-02"
"72b97b8ff705789564ead053a6f2efd3",1999-12-07,"D.R.","Samaná",174,72,"L","R","2021-04-24"
"0addb2e8ce9447fd90a2dbf9cdae5ae8",1996-10-24,"D.R.","Samaná",240,72,"L","R","2017-07-25"
"2e3bb35fab6b849845e51fad5fc6c162",1990-08-01,"Cuba","Santa Clara",195,73,"R","R","2016-04-05"
"b2aa559b544e49b8e79933e977cde1ae",1990-11-17,"Venezuela","Zulia",223,73,"R","R","2015-09-12"
"b75487aec806e437ca7531ee0d63fd87",1996-05-27,"P.R.",,201,71,"L","R","2019-08-05"
"fdcc47252c94a5eede7a2ec6162e3c75",2000-08-13,"Colombia","Cordoba",175,70,"R","R","2022-09-18"
"9207208abc8ce0c451fb37e6e43d3769",1996-11-19,"D.R.","Santiago",217,76,"L","L","2020-08-15"
"d38af7a0792c7387255a166f27097975",1998-09-21,"D.R.","Azua",195,72,"R","R","2022-09-02"
"3fcf8f967b8d725e8987ab6abae61f3d",1991-08-08,"Cuba","Villa Clara",215,74,"R","R","2017-04-03"
"3b6ae9af03ddec15aa5484db7cc2dde8",1996-10-07,"Cuba","La Habana",215,73,"R","R","2022-08-02"
"21a67d6369480195b9683b7ef56e9157",1990-05-26,"USA","CA",226,74,"L","L","2015-08-06"
"f8505ffe36148d5a43dfc77fa7f703e9",1989-05-22,"USA","MS",200,73,"L","R","2013-06-22"
"26aa65a11367b53da9d17e211b4dec05",1992-04-02,"D.R.","Santiago",200,71,"B","R","2015-05-19"
"aaeb666135dda7cb10581ac3eff8dc7c",1992-01-29,"USA","CA",215,74,"R","R","2018-05-22"
"bdaecd50a33addb714c7d41bf4f85eba",2003-02-07,"D.R.","Valverde",190,69,"B","R","2023-09-01"
"b3c36d7db7745d5103c8b2b140bea934",1985-12-08,"USA","FL",210,73,"R","R","2010-04-30"
"5ecd1c8f7c7d1c0460f76682188e868f",1997-01-16,"Germany","Bavaria",195,73,"L","R","2022-04-25"
"f1372023fe4605d7485169dfd5a8fb30",1998-07-27,"USA","CA",195,71,"R","R","2022-06-22"
"df94c4f5d5bf2a2c8422b083893ba3a1",1998-05-14,"USA","VA",200,74,"R","R","2023-04-24"
"ee93f55ba05226d9d1a25d003f2f0a3e",1991-08-22,"USA","TX",220,76,"R","R","2016-09-12"
"99501b4437b2a3820ba07f7694588ee3",1992-08-21,"USA","OR",230,74,"R","R","2015-09-01"
"8c97cd68d66cf22f1e7514f09c6df2fb",1994-07-19,"Honduras","Cortés",173,72,"R","R","2019-07-07"
"6d91aa858212c613cf069bf201d6bb53",1991-01-15,"USA","CA",190,74,"R","R","2014-05-22"
"e38dcc5f4387d8fc93b420d517fd7b7a",1993-11-04,"USA","SC",187,73,"L","R","2018-07-08"
"9cfdec801b3a063636f6f3e593eaf6f9",1995-09-20,"USA","FL",205,74,"R","R","2022-05-07"
"7e013cc9875c5dc83f50282a06c53aee",1997-09-02,"USA","UT",207,71,"L","R","2024-03-30"
"2eb28de31116e7f80f7f7161b7a68d64",1999-05-22,"D.R.","San Juan",185,71,"R","R","2022-06-04"
"46bcdf379090acceee232ddb606bb914",1996-09-05,"USA","CA",212,74,"L","R","2021-07-17"
"edc5e3dd06f5265bb8f10c9d922361d7",1988-09-04,"USA","KY",215,73,"R","R","2014-06-26"
"764aa050385d58c81925e20c69bc6b36",1996-12-22,"USA","VA",185,71,"R","R","2022-07-14"
"0e3e997896e2598a1dfcdc3c42788df5",1998-03-31,"USA","CA",205,73,"R","R","2023-09-21"
"1d61e0b8ae952f1b8878a0cb5cd9ec37",1995-05-09,"USA","MI",180,70,"B","R","2019-06-08"
"92301338faf0ca2a9805a08eb27642b8",1999-08-09,"USA","NY",175,70,"B","R","2023-05-02"
"0f1764ed33cb79a9d8d372dbbdf61ff3",1995-12-01,"USA","KY",205,75,"R","R","2021-07-30"
"db77e965fd9cd8d7c12ea5c8ee51b419",1997-10-22,"D.R.","Monte Plata",250,76,"R","R","2022-06-19"
"e5e22bb29c34751c58fa140d76f7ba53",1999-12-01,"USA","CA",224,72,"R","R","2023-07-17"
"b2c01f55d574059fb579b6842163bb65",1991-12-09,"USA","OH",215,74,"R","R","2017-05-27"
"5c8573ed99a2ffe1d328cba8ce476bba",1986-12-16,"Venezuela","Vargas",205,73,"R","R","2008-09-03"
"1c3d3fdd8ec69af9670efa1c058416a1",1989-01-05,"Venezuela","Aragua",199,70,"B","R","2011-09-02"
"806c19f1f39c326204f6b7445cf60b01",1994-11-13,"D.R.","Santiago",187,70,"R","R","2020-07-25"
"22c40d494c102121384cbb07d20e470c",1996-02-22,"Venezuela","Carabobo",185,70,"R","R","2019-04-21"
"3fa4d3a5504dcdd7da5cd98037683bb0",1996-03-17,"USA","WA",205,72,"R","R","2021-07-06"
"5b3fc227072f8286c53c571b3d19f2cf",1990-08-17,"USA","GA",205,72,"R","R","2017-07-30"
"8f03b53bc558049ed29f7e89311edaf2",1998-11-20,"P.R.",,200,73,"R","R","2021-05-01"
"fd719b53bdb209d55f7e400588a58054",1995-05-16,"Venezuela","Bolivar",200,70,"R","R","2022-07-15"
"ddf283573a5a221c22fb53507a3dfc56",1999-03-29,"D.R.","Puerto Plata",200,69,"R","R","2023-07-07"
"0cc43c99601e91b195a7e3c0c227245a",1997-09-15,"USA","IL",205,75,"R","R","2023-09-21"
"a487f5f8858c65ad88fbdd28574f6a3e",1994-05-31,"USA","CA",185,69,"R","R","2018-06-13"
"289fbb05d47f68e6c59d9a2aa42e76be",1997-09-02,"USA","CA",185,66,"L","L","2023-04-30"
"db70de352586050e5ad433d9d4abb3fa",1991-08-06,"Venezuela","Carabobo",213,74,"R","R","2013-08-06"
"bb97b3aa0f3f0fd37ceff5812e8fc67d",1997-11-25,"D.R.","Barahona",195,73,"L","R","2020-08-28"
"6e6f06e40383d57331e584e3b3b64935",1992-07-04,"USA","NJ",225,72,"L","R","2019-04-18"
"e15861d49105128aa9a6060461229e86",1996-11-11,"USA","FL",198,71,"R","R","2021-09-18"
"7741929311f93d7b0cfd8d0bf5907dd9",1997-07-02,"Bahamas","New Providence",192,73,"B","R","2022-04-10"
"942544034afdd8843a159f4e6814f605",1995-05-25,"USA","MD",195,72,"L","L","2019-08-21"
"daa22d6c8f68bfa8c891220ac54e4032",1994-07-13,"USA","CA",215,71,"R","R","2019-04-26"
"b125d3e9a9eade4f285530eadd1fa9c3",1992-08-26,"D.R.","Azua",225,73,"R","R","2014-09-02"
"bb3b726023b855037a818f801545d0c7",2001-03-01,"D.R.","Peravia",189,70,"B","R","2021-06-22"
"a653f3c1f73534898c28f8905c7cdd02",1991-12-14,"USA","GA",181,70,"L","R","2016-06-24"
"628b02111b5e1d32c5a61f20d39f794f",1994-09-06,"USA","GA",212,71,"R","R","2017-07-01"
"53bd40c2fb0b54b4f2c4c44beb4f1aeb",1993-05-14,"USA","CO",204,76,"L","L","2017-04-07"
"bf0df10ee453e086f0d52a4c4e4a5b43",1989-09-12,"USA","CA",220,77,"L","R","2010-09-01"
"8d3c1a075b3e22e7f08c6040142fe6e7",1999-05-21,"USA","CA",190,72,"R","R","2022-08-03"
"df34bdf24bff4bd38de3a020e00156a8",2000-04-19,"USA","MA",182,70,"L","R","2023-07-22"
"058551d1d436fa5205bc5cc31b97109c",1995-08-14,"USA","PA",180,70,"L","L","2021-09-18"
"59d893eb52a7a40f06ee32c78b06280b",1995-11-20,"USA","TX",215,72,"R","R","2023-05-01"
"3aa03b37fd1e5731abebdeec460d548b",1993-03-15,"USA","OK",224,75,"R","R","2016-04-29"
"1d228fd478762979829e643602274a70",1992-12-06,"USA","PA",230,75,"R","R","2017-08-06"
"b5433d1365efe295a6a317dfb9384851",1993-11-19,"USA","NV",250,77,"L","R","2015-06-02"
"ad9291a60ac20eaea4d796dd82c0a239",1992-05-17,"USA","FL",180,71,"L","L","2016-05-06"
"15b66705ab3e105d9c006cb257807ed9",1993-03-02,"Cuba","Ciego de Ávila",205,73,"R","R","2018-08-08"
"17c71ed9140197fb1502786cee2f2756",1993-01-12,"USA","FL",228,73,"R","R","2018-08-31"
"93302455c40b0b6d0e145d179c9f4db0",1991-06-12,"Venezuela","Anzoátegui",250,76,"R","R","2012-08-31"
"f557d6ea0c03d72371ec5934534a3bb5",1998-01-07,"D.R.","Distrito Nacional",200,75,"R","R","2022-07-12"
"7335103a9300ff143ee7e754f8b57d34",1991-03-18,"D.R.","Santiago",190,68,"B","R","2013-04-06"
"98595731a46844367f432bae7fa8b051",2000-05-16,"USA","NY",212,74,"L","R","2020-08-14"
"dab209e3e2d0b82074148ea627f35f36",2000-03-03,"Venezuela","Vargas",145,72,"R","R","2022-07-15"
"b9fca8b5ce947b77005884ebfd94e6a0",1992-01-26,"USA","CA",210,73,"R","R","2019-05-19"
"93b8570fb5dc90ed90421eab12fa896e",1987-08-13,"USA","CA",205,74,"R","R","2015-08-20"
"3b11df7d3e0cc9676f2ad76d4a337b99",1995-11-22,"USA","TX",195,74,"R","R","2022-08-17"
"01afd3369455a898dfb6a18baf9a3b69",1991-01-15,"USA","NM",220,73,"R","R","2017-08-19"
"ce5f7adc7b4f09ea8438dd2a644c78ff",1999-10-19,"USA","DE",205,74,"R","R","2023-07-14"
"a69ad05ea8fecb6872f4664cb8c974ee",1998-09-04,"Venezuela","Lara",161,71,"L","R","2020-07-24"
"835a985bdc422410e1d8d2207032867d",1994-10-13,"Venezuela","Zulia",200,71,"L","R","2021-05-21"
"7958fc844528bec7a4a6d0706285411d",1987-09-10,"USA","DE",220,75,"R","R","2011-08-01"
"96db1a9acf19bcf3a1af3ca63df8448e",1987-07-19,"Brazil","Sao Paulo",212,74,"R","R","2012-05-17"
"66bcc8a4612d6ffc9015b6d686963a3f",1999-05-27,"USA","AZ",190,69,"R","R","2023-06-23"
"37b8dcacf4bb863071c4b56c3319a407",1991-08-31,"D.R.","Puerto Plata",205,75,"R","R","2016-07-16"
"ff79d539cce01d8a5f68775249c0d989",1995-09-10,"Mexico","Sonora",185,73,"L","L","2020-08-18"
"6de1dc3fe8e2c42ba02d1151ea59729f",1989-03-14,"Venezuela","Bolivar",205,73,"B","R","2012-04-06"
"136bfea9104973be6bfb9362cd3dcfcd",1998-01-10,"D.R.","San Cristóbal",240,76,"R","R","2022-05-26"
"790e458e8118d19db8014eee05c46a70",1996-09-06,"USA","FL",215,73,"R","R","2021-09-03"
"f5e606e1e646ceacdf40b38ae9d8b46e",1999-10-08,"USA","TN",210,71,"R","R","2023-08-27"
"26c0dea646f47873bce960d9681a8fdd",1992-02-28,"USA","GA",215,75,"B","R","2017-09-02"
"9598506e2d341b2e7432067bc29cf205",1995-10-24,"USA","FL",160,72,"L","R","2021-05-06"
"8e9c374f534cc6918235ee14b68492ed",1991-06-08,"USA","GA",160,67,"R","R","2014-08-31"
"55772ac461784e41ea94a63f1067b0fd",2000-05-10,"USA","AZ",210,73,"L","R","2022-05-20"
"2ddfe6c6c690b57f9222e6d0b8be013b",1988-10-03,"USA","PA",188,73,"R","R","2013-08-16"
"c3237cb03dc36a0ad7ab19273c137adc",1988-11-08,"Cuba","La Habana",225,74,"B","R","2012-06-02"
"d275ced43e438d95d42b9eff0815537b",1996-03-22,"USA","TX",215,71,"L","R","2023-09-16"
"2f67bc29107e514555669c7adb87038c",2000-09-28,"USA","FL",200,75,"L","L","2022-06-18"
"a219f515ce833c2ecf6496ccb796d376",1990-02-18,"Netherlands","North Holland",205,75,"L","R","2012-09-05"
"d92db42b4f14776f3b5047c8a47a62f4",1992-10-11,"USA","SC",238,78,"R","R","2018-05-06"
"d3587998a203718d4ab7d24153b25f0f",1991-08-13,"USA","TX",216,74,"R","R","2014-04-28"
"64888d171fdb6a0d918a49e6afb9915c",1996-11-01,"USA","TX",224,71,"L","L","2019-08-01"
"b4616c50192e40d4468052610f3aa830",2001-01-05,"USA","FL",210,75,"R","R","2022-08-10"
"0a9814c43023ff1f9e0ea096ebd3849f",1999-11-10,"USA","TX",200,75,"R","R","2022-09-13"
"bd0344470a68ebe9fc1287d13682268f",1989-09-16,"USA","CA",209,72,"B","L","2013-04-24"
"6814338abb9ae93bdb815f2de6691ffa",1999-03-16,"CAN","QC",240,74,"R","R","2019-04-26"
"5b19bcb5bebb35e5bafe2b4becd43016",1994-09-27,"Venezuela","Distrito Capital",209,69,"L","R","2018-05-11"
"59564004d6b19c732c2ee269646893c8",1993-10-10,"Cuba","Sancti Spiritus",215,76,"R","R","2018-04-20"
"72735ea6db45f7bb345dd21cec2e49f4",1984-06-09,"Cuba","Sancti Spiritus",215,72,"R","R","2016-08-21"
"356cc38cb15e2102898be417e1bfd827",1995-12-23,"USA","FL",160,71,"R","R","2022-09-06"
"e1988136297d84e06e22d80d776ad6f4",1994-08-28,"D.R.","Duarte",215,74,"R","R","2019-04-27"
"88aa433a15a501e29695baaa98059ef2",1994-10-20,"D.R.","La Vega",235,77,"L","L","2018-04-13"
"80aa18267d6b52102570a7e91fce9df6",1992-12-18,"USA","MI",210,70,"R","R","2018-09-02"
"e9a46b34dfd59e77823c21e704b6cb74",1993-03-04,"USA","NV",170,73,"R","R","2021-05-15"
"966c26ca248a7a53b360ad3d052c00c4",1994-05-26,"USA","AZ",175,71,"B","R","2019-09-04"
"3bcf532bc3b3e4c1947c94006d0d8fcd",1995-07-25,"USA","AZ",232,76,"L","R","2022-06-29"
"2da5fb831518e430339426a056aeb34d",1990-09-09,"USA","MS",160,72,"B","R","2013-09-03"
"9a672e6c99f2aa0cedc3fd7da2cad7a6",1995-02-05,"USA","WA",185,72,"R","R","2022-07-17"
"391e7a7900d780ece030fdf045b08d0c",1997-09-29,"USA","TX",188,70,"L","R","2023-06-21"
"0900e1ed4135be3da93a192ba94546c2",1994-10-10,"USA","NV",196,71,"R","R","2018-07-21"
"e5123a58b4e628da56bb46712006d445",1990-12-23,"USA","CA",214,74,"R","R","2016-08-16"
"2f7d3082eb64559797861cd5aa85e537",1994-08-12,"USA","PA",205,72,"B","R","2017-05-13"
"630ce3e191f17a5a92165d139a4d862d",1992-10-16,"USA","NV",210,75,"L","R","2012-04-28"
"f094857c8da7f8a969efcb4c850d0991",2001-03-07,"USA","GA",195,72,"L","L","2022-05-28"
"cf27aa547d55c31fa708a35e3f5a56ee",1987-07-08,"USA","OH",190,68,"R","R","2011-05-31"
"9f5f41e141522f68b9d693141778010f",1995-08-10,"USA","MO",225,75,"R","R","2020-08-04"
"a99b817b85d706a0afc4859d223da8af",1996-04-12,"USA","FL",190,73,"L","L","2019-06-04"
"34c74e211da3e913d415c04358792d36",1997-01-28,"USA","TX",205,70,"R","R","2020-09-01"
"8e049a0cd835f1b37c600006daad5b81",1995-07-05,"USA","FL",205,72,"R","R","2017-09-07"
"36073186a012201a6add478b419ba2a5",1992-08-18,"USA","CA",223,73,"R","R","2015-05-04"
"da055c40b204861379b5fce09c9a1c7e",1995-06-27,"USA","NY",220,76,"B","R","2020-08-25"
"6428a90192d0575b9abdd3522e943aac",1991-06-19,"USA","CA",190,70,"B","R","2019-09-04"
"0965985352709cb4aca6a079967de068",2001-06-29,"USA","AL",210,74,"L","R","2022-08-31"
"ff30f8e3c209bcc4cc0bd625baf52f49",1997-06-24,"USA","UT",215,74,"R","R","2021-09-17"
"ae99d2fd53b47c6ed9f358c7737719ae",1996-03-28,"USA","CA",190,78,"R","R","2022-08-27"
"74344771608821d1ad8df1c59d27a38e",1991-01-31,"Cuba","Matanzas",195,70,"R","L","2016-07-29"
"317334ad226796451f3444c8a52c79ae",1995-01-17,"USA","AZ",205,72,"R","R","2018-05-18"
"5def1d0aead25b5b6a79c990f53de2af",2001-08-03,"P.R.",,190,72,"R","R","2024-03-28"
"75ecb101d35834fc9a9d31082b62afa2",1990-05-23,"Venezuela","Carabobo",183,70,"B","R","2013-05-29"
"fb06c83492b6b4a7dd7344e0811a5a0d",1994-11-21,"D.R.","San Cristóbal",197,75,"R","R","2022-07-14"
"2d96400311caaa88770e56ffabfe88d5",1991-08-24,"P.R.",,190,71,"R","R","2014-07-01"
"a908fdb445c2664daa5fc4468eb5ec59",1992-10-15,"D.R.","Sanchez Ramirez",215,74,"R","R","2016-08-12"
"b50443c87e938e93ba8f14f6d863edfd",1987-10-09,"Cuba","Matanzas",197,70,"L","R","2020-09-10"
"a401f01778a689f2ca2d2c835e126b13",1998-05-04,"Venezuela","Monagas",140,69,"B","R","2021-08-05"
"390c22ed842d107c9579bc3794201891",2000-06-01,"Panama","Panama",220,71,"R","R","2022-05-24"
"a860cebdd937215ea717d745d0cfac1e",1997-02-24,"Venezuela","Cojedes",217,70,"B","R","2022-04-09"
"ae29abb1edf206b307117132ccababe2",1991-12-29,"Venezuela","Zulia",200,71,"L","R","2015-04-06"
"a7c3b576d16094b6519b33e1da5c4322",1989-08-09,"USA","NJ",240,77,"L","L","2010-04-05"
"723fc02a84b78d4c6956975da1829293",1996-02-09,"USA","AL",208,74,"R","R","2022-05-26"
"18c64b1c775f773fd01eb0b73c348efd",1989-10-02,"USA","CA",205,73,"B","R","2013-04-01"
"f6185d55e8ffb0fa540ef35895350308",1990-04-20,"USA","CA",202,73,"R","R","2017-04-10"
"880ea4c714a9ce59c0de36004d51ab0c",1993-05-10,"USA","CT",195,70,"R","R","2021-05-19"
"32f9d6f2066cddff7bcb14436f44edf6",1995-12-30,"USA","IA",190,74,"R","R","2020-09-04"
"29e4337e6aa9eace93e674146b20b83c",1994-02-21,"USA","TX",236,77,"L","L","2019-08-27"
"9ddfdb45ec0fd5178e12c39a22bc5ac2",1996-08-02,"USA","CA",202,72,"R","R","2019-05-14"
"dbf1df02b5367770b5a2ee979474dcb8",1997-05-13,"USA","CA",200,73,"R","R","2019-09-09"
"1fbdd85bddbda9134abec74b0e3be508",1997-01-16,"USA","SC",195,73,"R","R","2023-06-03"
"95fce85c5b4baee7504e8a847cc2a040",1997-11-14,"USA","MD",190,70,"L","R","2023-06-18"
"c235550ddeb57afb8631655c4f727e8f",1993-03-17,"USA","CA",245,76,"R","R","2017-08-10"
"113acbd21af957deedd2ba4210cd2049",1989-10-24,"USA","FL",226,76,"L","L","2011-05-06"
"d282c4924e45c23c3b766728df221545",1998-01-14,"USA","AZ",240,77,"R","R","2020-09-11"
"9a4b4c15bddbc3a6d599bffeb3c7fef3",1994-11-28,"USA","OR",198,70,"B","R","2022-04-07"
"41bca65d9dba4edc47758153ab4c2d8d",1993-04-03,"Cuba","La Habana",205,71,"R","R","2021-05-04"
"bff7a6ff6f9647ab41174aada0f3311f",1990-01-05,"Cuba","La Habana",195,71,"R","R","2011-05-08"
"f4110a18461f9312444556f966ac87ae",1990-10-29,"Venezuela","Zulia",190,71,"L","L","2014-05-02"
"320a326f665ba51233b1f54eb64e8d3d",1996-12-15,"USA","FL",200,72,"R","R","2021-04-01"
"0270f62ff79a0cfbaa28f4338776261f",1997-03-03,"USA","CA",190,71,"L","R","2021-04-01"
"062333042c36423658bf1b460ffa202f",1995-12-25,"USA","CA",215,74,"R","R","2019-04-07"
"5d4275adbcaa48245d9390e63dc86ad3",1993-07-28,"USA","CA",200,74,"R","R","2019-03-28"
"9c956721cfe83f21c863fcb65c855333",1991-06-15,"USA","PA",183,75,"L","R","2015-08-21"
"fbdba1bdaf05946671bac4294167e996",1995-04-15,"USA","IL",215,74,"R","R","2018-08-13"
"7b550ee0bdedcbc8851ac8cc5d68cb55",1997-06-03,"USA","NC",235,76,"R","R","2020-08-20"
"5270a8296f7e58829b5e605e8ebf4273",1996-11-27,"D.R.","Distrito Nacional",240,76,"R","R","2019-03-28"
"76f5e8556c5b4affb0a095b915d194f9",1992-08-16,"USA","CA",205,72,"R","R","2019-03-28"
"54262c4f29123029eaecdf62a9997f16",1995-10-27,"USA","TX",195,73,"B","R","2022-08-03"
"1688da6924e2e58a29f100f24ef25904",1995-07-11,"USA","CA",200,70,"L","L","2020-07-25"
"5e2ae28bfa670fbeb136965fec5d14d1",1997-08-04,"USA","GA",210,72,"R","R","2020-08-31"
"20534449cc178f239e5780260f1c5948",1998-05-07,"USA","PA",195,76,"L","R","2022-07-08"
"34e5d502c22be36f82b66eaa10abfe3c",1993-12-06,"USA","WA",230,79,"R","R","2020-07-26"
"64bdeff581efe53c3b4e954e03be4952",1992-04-26,"USA","CA",282,79,"R","R","2016-08-13"
"c66143104fdb3cdc011a0a002016d6f9",1999-04-30,"CAN","QC",195,72,"L","R","2023-04-12"
"821a71c026cec8d65ba35f35f8f8a523",1996-02-27,"USA","TX",185,73,"R","R","2023-03-31"
"68fdd34ff902311ed8caf5acb16af789",1998-02-12,"USA","TX",214,74,"R","R","2022-09-09"
"6fe9e82dd53f45703b05845b424952ab",1996-11-20,"USA","KS",195,75,"R","R","2023-06-19"
"0cf61f25ed4d15fa21c3d9c3404db551",1994-10-08,"USA","CA",200,73,"L","R","2022-04-09"
"0795b66112e8495dcbf39b95f76202e3",2001-08-14,"USA","OH",211,74,"L","R","2024-03-28"
"a0285ca2c16b2ee6d07b3374e6456467",1999-07-16,"USA","WI",206,73,"L","L","2021-05-13"
"57e321522b66c488f63c56d28702635b",1994-07-14,"USA","IL",212,74,"R","R","2016-09-05"
"b9c259f72753563262ec88f998815597",1991-10-31,"USA","TN",160,66,"L","R","2016-05-17"
"f95109080c758292f1008161be49de10",1998-10-05,"USA","NJ",190,73,"R","R","2022-06-17"
"341b3d3264e7fbb4aaa7e376f4a0e60a",1993-02-10,"Germany","Berlin",225,76,"L","L","2015-09-27"
"e17c49111a9ac95afc9114aa1d53e499",1997-08-25,"USA","MS",204,73,"R","R","2023-06-07"
"69d44b9e49f941293996dd1ec5fba356",1997-09-03,"USA","GA",220,74,"R","R","2019-04-26"
"9d5d7c16400003714736221a76c54323",1990-04-22,"USA","IN",210,73,"L","R","2013-09-30"
"1f491e4857e58ab3b09be6d9406a3ec5",1995-10-17,"South Korea","Gyeonggi",168,69,"R","R","2021-04-01"
"f747ea1fd415c92168c5f653fdf022ec",1995-03-23,"USA","HI",190,71,"R","R","2018-04-10"
"228f094a89259745c5daa8f5a25d8244",1994-04-29,"USA","AZ",180,70,"R","R","2018-03-30"
"634c23e48dac27e3d3d1fdd3c4b1d4ad",1997-11-09,"USA","PA",215,73,"L","L","2021-04-14"
"be76fe0765fbefe00e532ffeb965174b",1998-11-06,"Mexico","Baja California",245,68,"R","R","2020-09-12"
"874f407b02a8f6a40baced5783dd5c26",1999-02-12,"USA","TX",205,75,"L","R","2023-09-14"
"437e13206bc7fb4ff8ad41159fb20123",1991-11-09,"USA","CA",189,73,"B","R","2017-04-06"
"8e133433225754acd7d32c41bf632e86",1995-02-03,"USA","VA",225,73,"R","R","2019-06-02"
"ac7e2bfaae9d544c0fb7027ba136f862",1994-07-20,"USA","WI",200,73,"L","L","2023-07-19"
"86b5a0bd4422babcf0315aa2113ce26d",1995-09-04,"USA","FL",180,68,"R","R","2022-04-20"
"be2d4443c58610783cce9087321ff2d5",1997-11-12,"USA","CA",208,76,"R","R","2022-09-02"
"c8e1710c7d3ec3368158fa214276a889",1989-06-28,"USA","TX",185,72,"L","R","2022-04-29"
"13750b04ff45dc009b6838d35fc2ab1a",1997-09-05,"USA","CA",170,69,"L","L","2022-04-07"
"cd42b666380b14150b33dc9566f5dee3",1989-01-31,"USA","NJ",180,71,"L","R","2014-05-28"
"96eeb8355217220877758fe337b1b5d0",1989-03-17,"D.R.","La Vega",219,74,"R","R","2013-04-23"
"3c235c08da157a50a8e3b0463d693ed4",1990-10-09,"USA","WA",215,75,"L","R","2014-08-07"
"5bcd47752306be40486dec52fe9513b0",1997-11-18,"USA","OR",205,72,"R","R","2022-08-16"
"49edb0b6bd2825e349551b7991947974",2001-11-15,"USA","FL",225,72,"R","R","2024-03-28"
"f29f49bded64928406d3bc673cb67ace",1997-02-26,"USA","CA",223,76,"L","R","2021-05-08"
"fc0ed3e572e0e1addf31a5ac5af7dcf1",1995-01-13,"USA","CA",195,73,"L","L","2022-07-31"
"7ee9ed4b49470a6daf6f5b348522f972",1994-07-15,"D.R.","Distrito Nacional",203,71,"R","R","2018-08-03"
"bfc67cc9972de2f48872bbdd56982e44",1998-11-27,"USA","FL",200,72,"R","R","2022-04-10"
"ddfb7f11d8a84d1fbfa13f9d807a4c89",2002-07-17,"USA","TX",190,73,"R","R","2023-09-07"
"07d06699cb35e0911b96d8bb023342e8",1996-06-03,"CAN","QC",195,75,"R","R","2022-07-30"
"ea7c838a79f444dbcafa660844842672",1998-08-20,"Japan","Aichi",197,72,"L","R","2024-03-28"
"001dc9773644fd3be48a8777ff032c9c",1998-06-26,"USA","DE",220,71,"L","L","2021-05-17"
"432113b669f88e8f398cea53e3ebb41e",1998-07-25,"USA","CA",210,74,"R","R","2022-07-01"
"f6ddef64f9a5d6d8b83c01c2af0788ee",1988-07-13,"USA","CA",220,76,"R","R","2011-05-30"
"f4c735e8c7d22146e7f4246f0bcda358",1989-03-13,"Venezuela","Zulia",235,70,"B","R","2012-05-14"
"672568a627587af02b569f7e3c792b2f",1994-07-17,"USA","GA",180,75,"L","R","2022-09-05"
"3fa0c315a1c4a02f87d491500aef1c80",1995-07-13,"USA","GA",222,76,"R","R","2019-09-10"
"3c5ef84fa9dd70d56da0ceedd444168b",1999-06-05,"USA","CA",200,74,"R","R","2022-05-06"
"844f383cf5437620348c4000dce654a0",1995-12-18,"D.R.","Santiago",175,73,"L","L","2022-09-10"
"1fda82d8255fabf36c4234f0461f47b4",1993-11-14,"P.R.",,190,71,"B","R","2015-06-14"
"e31fb27000cd469f8e9a013f04aeffc1",1998-05-22,"USA","MD",190,72,"R","R","2023-09-01"
"34e48566009381e44fdc735a13492db0",2000-06-14,"USA","MD",202,74,"R","R","2024-03-30"
"17d804e9c7cd824c3a6d037856b06f87",1992-07-14,"USA","NY",200,73,"R","R","2017-09-29"
"3285a034edccc1d205891d1551a8924d",1998-09-25,"USA","TX",180,71,"R","R","2023-09-01"
"471002c80cfdc45124d6027a9ad12060",1985-10-07,"USA","CA",213,73,"R","R","2008-04-12"
"f6827e638a175eb377fe4016c290101d",1992-10-01,"USA","CA",211,72,"R","R","2022-04-20"
"a5c1e05f2d4dfa43d089dc1fbcecdbb7",1996-05-05,"Mexico","Federal District",170,70,"B","R","2021-06-28"
"f633f89c3f7c86174f73c0353687482b",1995-06-30,"Mexico","Sonora",175,67,"L","R","2023-09-23"
"35e7519dcd0e64ebac7bfc215c35501d",1992-12-16,"P.R.",,160,70,"R","R","2021-09-01"
"c6212954d7051d11f47e0483216a7577",1995-03-13,"USA","IL",180,71,"L","R","2019-05-14"
"68c8c42da5477a3ea501e556d25e1c14",1998-10-01,"D.R.","Distrito Nacional",185,70,"R","R","2021-08-17"
"f3a4dac2ba4b5d54120348ad7261391a",1994-07-06,"USA","VA",185,70,"L","R","2018-08-05"
"a47dcc61ec6d973856abf7ee8d7d7297",1998-02-02,"USA","GA",205,76,"L","R","2021-09-08"
"ce66ae81b8a6738b6e06c19bb849a20a",1995-07-07,"USA","VA",220,76,"L","R","2019-04-29"
"9047b980289cbdfb3465dba9195e03f5",1984-04-17,"USA","OR",180,72,"B","R","2008-04-15"
"e1fd902e0ccdd67ac641cfde7655aacc",2001-09-10,"D.R.","San Pedro de Macorís",178,73,"R","R","2023-07-26"
"2f1e60507dde9917c5583de4a1237420",1994-07-12,"USA","OR",180,71,"L","R","2023-03-30"
"e994cf353d6e30c8619b8dd86732dcd2",1993-09-26,"USA","CA",195,73,"R","R","2017-07-28"
"07d4871bf68c5aaaa51526714ee66d3e",1997-11-23,"USA","WI",190,74,"L","R","2019-09-02"
"140dfb1f8aed648ff019c8066b747283",1992-02-22,"Venezuela","Táchira",190,73,"R","R","2015-05-25"
"01337e3e60ed840c35403950be852f7c",1992-07-06,"USA","FL",218,75,"R","R","2012-08-09"
"307effbbd8664cc61e89789225f9ab9e",1993-09-25,"P.R.",,185,71,"L","R","2020-07-26"
"aad895f5ce2976ea2c6e583eb93323fd",1994-12-15,"USA","MA",200,74,"R","R","2022-06-18"
"208d5ccea2424c7f92ff03841f77f4c8",1997-03-05,"USA","CA",175,68,"R","R","2020-07-31"
"cd145f9d4e486964606038d2ce09a112",1996-02-29,"USA","NV",208,72,"L","R","2022-06-20"
"f86c06290fd9afa17796a7f7f8074eb8",1989-05-16,"USA","AZ",192,72,"R","R","2023-04-26"
"7121d438ba19903e46e3070f4455db3d",1991-02-06,"USA","KY",225,75,"R","R","2015-09-01"
"124d57b80fb008742a8640cd42de7544",1986-08-16,"P.R.",,230,72,"R","R","2011-09-03"
"ab0eb5814319108a6c16d9b2a87c48a7",1992-03-18,"USA","FL",230,75,"R","R","2016-09-20"
"e3826c1e2deab92372174711a1f0c018",1999-09-16,"Venezuela","Delta Amacuro",180,72,"L","R","2021-04-01"
"2e1d01a16448502e4a80b32a670c093a",1999-02-25,"Venezuela","Táchira",170,69,"B","R","2020-09-14"
"d54982525b267398bce7c4e6237f9ce9",1994-09-28,"D.R.","San Cristóbal",180,71,"R","R","2016-09-21"
"eab7d69d287b650f28985c1e19c530a6",1991-03-30,"USA","FL",220,76,"R","R","2013-07-23"
"c711a124caf81e2ef40b759bc7a79933",1997-06-24,"USA","GA",210,73,"L","R","2023-07-20"
"2a980642ea7b6be27c97716ee0a09a65",1990-08-25,"USA","FL",190,72,"R","R","2015-06-28"
"f842b1495c9a5b35340c4170af116a1f",1997-12-18,"USA","GA",215,76,"L","R","2021-07-18"
"046c7b564f03e62a1b3073fc3af81925",1993-10-12,"D.R.","Peravia",210,73,"B","R","2015-07-31"
"5ffc7331b7447a71a1ff4f3b487d9327",2001-10-16,"D.R.","Sanchez Ramirez",216,72,"R","R","2023-08-19"
"d2a66392c9f2364efaa0f52700a67058",1988-10-09,"D.R.","Distrito Nacional",201,73,"R","R","2012-07-26"
"4f4fec4e8d74f56eaa5e2d3e70ae0ca4",1999-03-23,"USA","FL",185,71,"R","R","2024-03-30"
"9a72c94e69b917680cf8cf65dd65e332",1994-12-22,"USA","MI",190,72,"R","R","2019-03-28"
"2e0fa3177ffc53d3cbf1c203f4a3c76f",1987-08-21,"USA","FL",230,75,"R","R","2011-07-30"
"08a2f8ea1d2e81b94c5005bce259df78",1996-03-21,"Cuba","Guantánamo",174,68,"L","L","2023-08-11"
"66edae28114cc1ab90b363877283e770",1990-06-27,"USA","IL",205,71,"L","L","2018-06-06"
"135eef283600f729c0fe18f840916144",1998-03-22,"USA","IL",190,72,"L","R","2022-07-15"
"24a3c1ef538866423ec7a3dcf9526d67",1995-10-31,"USA","CA",185,71,"L","R","2022-09-22"
"ab71e050a765093ecb7a82510520e839",1995-06-23,"D.R.","Santo Domingo",182,72,"R","R","2020-08-13"
"fff53339c39eb57e61d3f8f56702367b",1994-08-02,"USA","CA",200,72,"R","R","2020-08-04"
"fd483d034fbd629aae9284cede615001",1995-11-14,"USA","PA",206,72,"L","R","2022-04-22"
"0a04c3f9c31fd423ce599ebd19625614",1997-02-18,"USA","IL",178,74,"L","R","2021-04-19"
"988744ad6de5539822e0ac89a0259216",2002-01-28,"Venezuela","Trujillo",160,71,"R","R","2023-06-14"
"c8792f134d6dd23c8f3a85ee1c2beb6c",2001-04-04,"D.R.","San Pedro de Macorís",166,75,"B","R","2023-09-01"
"68915bf482cc8cd69ddb76a2d22a6a14",1990-09-30,"USA","TX",190,71,"R","R","2019-05-27"
"ca064158009c94b64a152e7d7da5b0db",1995-04-26,"D.R.","Distrito Nacional",224,76,"L","L","2016-04-10"
"fc335ad1611fe00579c7a4fb01ec6bf0",1993-10-14,"USA","MA",216,74,"L","R","2021-04-11"
"4f6c5c6dc8784326eb16c11a5e9f20b0",1990-06-13,"USA","CA",232,74,"R","R","2014-09-01"
"2d5249c6d3c3cf2abf21407198ead530",1997-12-02,"USA","GA",217,74,"L","R","2024-03-30"
"52f531f5dd9ccfc359a659ce1046c7d2",1997-07-30,"USA","PA",215,74,"L","L","2021-08-27"
"dd754e2dcc745ef7f7d5e7c711c83cbc",1995-04-19,"USA","PA",208,72,"R","L","2021-04-01"
"31e62ff5638c993a45bec87cfba1dcf0",1995-03-31,"USA","IL",185,71,"R","R","2023-08-30"
"a33fb19d5fb920ea1b5fb1e6765706cb",1986-10-10,"USA","FL",195,71,"R","R","2009-06-04"
"b04c5d699468fbf0eaff973376d63da9",1995-06-02,"USA","CA",175,74,"B","R","2022-04-20"
"bda86b32d8fcdf381b0c1ec3f8139d91",1989-10-31,"USA","PA",190,71,"R","R","2015-08-20"
"bad666c5f88ee60c64fff1fefe580a83",1995-03-02,"USA","WA",218,72,"L","R","2018-09-06"
"162138901d08c15160ea4a70b5b1585d",1997-02-14,"USA","OR",195,71,"R","R","2021-04-05"
"d1be1d52fa03fbe392f4890a9c6805ff",1994-08-23,"USA","TX",205,73,"L","L","2018-03-30"
"2e91f80c57345eb8336310f613b27753",1995-04-29,"USA","OH",180,72,"L","R","2020-09-16"
"201cbd51fda9d7b6cfbeabb79131cd8e",1999-08-06,"USA","CA",180,68,"R","R","2023-05-15"
"85dd4da1fd00f46e5d995c828b24d817",1994-12-14,"USA","CA",219,74,"L","R","2017-08-12"
"d6abc9b54694ee55df87ab45195eb585",1992-04-08,"USA","CA",192,72,"L","R","2018-07-24"
"8d3d60c5c547a871443ac3a93278bee9",2000-10-26,"Australia","SA",171,72,"R","R","2023-08-04"
"e1b40ecead039591326fc185ba2465a4",1995-05-03,"USA","GA",225,75,"L","L","2018-05-18"
"af91e38f77c341bf93c0b79f32565292",1999-11-02,"USA","GA",205,77,"L","R","2023-08-21"
"6edfa3d3f2b3a9a616b44806f3a4ce97",2000-04-21,"USA","CA",178,70,"L","R","2023-08-14"
"8144f4c0b0dcd3ae2f349563ec41c6b3",1995-10-27,"D.R.","Peravia",188,68,"B","R","2017-09-01"
"2bed28c7e7934cd8e0d45b50b12c144a",1998-11-29,"USA","FL",190,73,"L","R","2022-05-03"
"b3c7134ce7b5b695f9d0dd0a7fa4a990",1993-09-28,"USA","NY",195,70,"R","R","2019-09-03"
"dcb410aa61029aba1501ef4b913d8aa9",1992-05-06,"Mexico","Sinaloa",215,75,"R","R","2022-08-02"
"5a50a2e2e7865a997fba82cf85faeff2",1994-12-16,"USA","FL",197,74,"R","R","2019-05-14"
"9639d1c7fa07a05fc06376d4479b6f34",1993-02-14,"D.R.","La Romana",245,71,"R","R","2020-08-02"
"87dc5edbede7bfa3dc59a404b66d374b",1989-01-24,"USA","SC",195,73,"R","R","2016-05-18"
"dc758497bcde725afea4bf38d26042a3",2003-04-19,"USA","MD",195,75,"L","R","2024-03-20"
"2dd0500dbda0ac5d24caf0782de5b3d8",1998-04-16,"USA","DC",225,74,"L","R","2023-05-05"
"9d8369006c0abc7c6f7462ca6bca4b6f",1996-06-18,"USA","NE",200,72,"R","L","2021-08-01"
"6f79584cf2e0d40ef702b70504299335",1998-01-15,"USA","MO",198,72,"B","R","2023-08-28"
"4bb484a33cae0ced721d1c89fe6a63f8",1989-10-18,"USA","FL",195,74,"L","R","2013-06-28"
"47a75ca6a21fdeae85d3aa0f73547b6e",1996-11-15,"USA","WI",185,72,"R","R","2021-05-23"
"eefdd4167e7162c0ef51ccbcfb7e9751",1990-10-10,"USA","TX",225,75,"R","R","2012-09-05"
"150d588e748b3f588f437442e17698bc",1998-06-29,"P.R.",,210,74,"R","R","2022-05-02"
"6c2890f8669caf679d2a85dd75bea1f6",1999-03-08,"USA","CA",205,72,"L","L","2022-05-24"
"c85e842cfab38a97c2f44685c280588e",1998-09-04,"USA","CA",215,75,"L","R","2022-08-27"
"f5a841648c0fb3095309f46942731e43",1982-07-13,"P.R.",,225,71,"R","R","2004-06-03"
"804d745db3eb5761ab26bd02d52dd857",1997-05-30,"Venezuela","Distrito Capital",186,71,"R","R","2023-05-28"
"a3df2a3c3b8a5de5223b496859ca0c55",1995-05-27,"Cuba","Cienfuegos",225,74,"B","R","2016-09-02"
"24b01417b9a658eedd578d146c09a7fa",1995-07-27,"USA","CA",200,73,"B","R","2016-07-26"
"8af86e1a2935ada638bc6a557dbc6535",1995-03-24,"USA","WA",195,69,"L","R","2022-10-04"
"6dce76760dff9cb8b72f5b862b390288",1998-05-13,"USA","CA",195,74,"L","R","2020-09-16"
"b8ce8d6ad3f96b36334ec14de30a3459",1998-08-17,"D.R.","Distrito Nacional",235,75,"R","R","2022-05-01"
"fdc0547937cc608e0b32d421804ce638",1996-10-07,"USA","FL",200,73,"R","R","2023-06-11"
"c691b90c77da2f4fc28bcd1706713293",1992-08-02,"USA","CA",205,72,"R","R","2019-03-20"
"dca66b14398d54e027774d8a00124958",1992-10-01,"USA","NY",225,76,"L","R","2016-05-18"
"1115d2d942a0aaa6b48e6070a567374a",1999-06-24,"D.R.","Santiago",140,72,"R","R","2022-05-17"
"28d0b6de68def884c2c0bfe81bde8143",2000-02-14,"Venezuela","Lara",195,71,"R","R","2022-06-11"
"c5f36ca099026cc5ebd19d2034bef4ac",1989-09-18,"USA","FL",195,73,"R","R","2016-05-16"
"dd04668ae5a4b89c0601d791fbea5c3b",1997-02-18,"USA","FL",230,76,"R","R","2020-08-21"
"45179e9dbc779667ebbefd6541006441",1988-09-11,"USA","CA",225,72,"L","R","2011-06-10"
"027053841c28c5ed85987e43e36dafc5",1994-10-01,"USA","NC",175,68,"L","L","2018-08-10"
"64d2906856b861fb7be1ea25d6fd98d3",1990-08-25,"USA","TX",215,72,"L","R","2015-04-25"
"86cff8cc55359aa849ff363d2798c2bc",1995-01-23,"D.R.","Sánchez Ramírez",200,71,"R","R","2018-03-29"
"b7675c2c3b742e4e25f47046d59c03f4",1994-10-04,"USA","NY",228,75,"R","R","2019-09-04"
"d50ea8867a7d525303a61b69f3a6daf7",1991-04-03,"USA","NY",206,73,"R","R","2015-09-12"
"298b1745a0fc59fa18c2a0e2d7cceb86",1998-12-27,"Venezuela","Sucre",175,73,"L","L","2022-04-11"
"577bb4b978e2e0924d19096f42d6d3e6",1996-03-08,"USA","TX",205,72,"R","R","2023-07-04"
"cc25d0e5568b9240d18ae63457042df8",1990-12-10,"USA","NC",207,75,"R","R","2013-06-18"
"ee75104b17530921e72159b6d13a1663",1991-04-24,"USA","TX",195,74,"L","R","2016-04-05"
"2461387d5f545be66196d4e04c65d0a3",1992-02-10,"Venezuela","Aragua",220,71,"L","R","2016-07-17"
"65f818409e97e39d16c3c0541210f292",1994-12-29,"P.R.",,237,72,"R","R","2020-08-23"
"bb5b1231ea72cebece90952ed74f8812",2000-02-21,"CAN","ON",205,72,"L","R","2022-10-01"
"b204a35b36da16e33eb3ec9dc2c618e1",1997-06-22,"CAN","ON",250,71,"L","L","2019-05-24"
"3c143ee3a5d7f7aa48bc37da1471553d",1998-02-01,"USA","NV",184,75,"R","R","2022-09-05"
"2ea92ede0a5cb315a36d31480aef7672",2001-01-31,"USA","FL",185,72,"R","R","2023-04-15"
"a170d0390e8b16177fd6168f316bc341",1994-12-10,"USA","TX",232,72,"R","R","2019-08-30"
"b6101584ee072253c06418b354b45dd3",1997-05-29,"USA","CA",225,76,"R","R","2021-05-29"
"4118f8cc2f7d0aebc1f4edf6c1e71342",1993-08-04,"USA","CA",195,72,"R","R","2018-08-16"
"6ba91c04d05a95e7d4eab8cda26b6eaf",1994-04-12,"P.R.",,228,72,"R","R","2017-09-13"
"5f149e35a0071f40b5338d4bc624e56c",1993-03-27,"USA","WY",202,75,"L","R","2016-06-26"
"98e0a6a1bc610c8ab97f2d8ba4182dd7",1996-03-30,"USA","IL",217,75,"L","L","2023-03-30"
"0268aa32a4067f54ad4ea187847b2025",1989-12-28,"USA","LA",197,72,"R","R","2019-06-16"
"2087a501812082a6401524111a3af62d",1997-09-08,"USA","CA",210,75,"L","R","2021-06-22"
"8d3da136fc9c1884274ee1e2fe283149",1995-01-17,"USA","CA",212,73,"L","R","2019-08-13"
"a209aa69aea361ad5731cc088229e2f0",2000-08-18,"USA","NY",165,68,"B","R","2024-03-30"
"79673e15e788ffb8db4823df14f63ddd",1994-02-03,"Venezuela","Zulia",200,71,"L","R","2014-05-08"
"c678c502edad0a89aa398e699fbf94c9",1993-07-26,"USA","FL",220,75,"L","L","2018-07-31"
"812b0bb30c9c12c2e3db7ab5f41a54e6",2000-02-09,"USA","NY",185,74,"R","R","2022-09-28"
"7b76a26d6dd1032d7c8c28fe3818e1e7",1994-07-05,"Japan","Iwate",210,76,"L","R","2018-03-29"
"b72c6c50cad10b662938f26575c6ec89",1993-07-15,"USA","NY",210,73,"R","R","2022-10-01"
"e174e064569697a7dd5fce99c557f02f",1994-12-29,"USA","FL",200,71,"R","R","2022-06-10"
"a731c37035629abe540c246ab4c8349b",1996-03-06,"Venezuela","Distrito Capital",190,74,"R","R","2020-07-25"
"b844fae202dacd97232d20bdcaf8cbfe",1994-03-29,"USA","GA",225,77,"L","R","2016-09-12"
"371fae5020f147b3e4162c020ed380a2",1995-06-22,"CAN","BC",200,71,"R","R","2018-04-19"
"b881ef8a493950315a98fca339779528",2000-05-26,"USA","AZ",196,72,"R","R","2023-08-07"
"9e4a9e32851bae2302021b803f91104e",1991-05-15,"Venezuela","Anzoátegui",180,71,"L","R","2012-09-30"
"5a43684b70a7fb8ce6856403f685cb75",1998-07-14,"USA","CA",190,69,"R","R","2023-04-27"
"de9f1ed715cb55261e4567e0c3ac8313",1997-05-14,"USA","CA",215,75,"L","R","2022-07-31"
"dfc82e5a5b967727e52a44ba92ef2eb0",1991-08-12,"USA","SC",185,70,"R","R","2013-09-03"
"32b44a708ac0c9df08104d655eb2e693",1990-11-12,"D.R.","Distrito Nacional",225,73,"R","R","2013-04-30"
"a7aa935652822bf17598386a8010fa5d",1998-11-19,"D.R.","Distrito Nacional",215,74,"R","R","2020-08-21"
"02d9848f958bf409e5c63f1064aaca96",1996-07-15,"USA","CA",210,74,"R","R","2021-04-06"
"776f398e7948958a4970505143bad5f2",1996-07-19,"Venezuela","Lara",145,72,"R","R","2022-05-31"
"16a16dc766b1a3c2019a2c42ec4eaf2b",1995-07-30,"USA","NY",200,73,"L","R","2021-04-09"
"ca5ed6ea023f43f1fb54591772eeae7c",1997-05-16,"USA","NY",180,70,"L","R","2022-04-25"
"c80ebb439009b0e085190d0a39b6e7ce",1996-02-26,"USA","IL",224,75,"B","R","2022-05-21"
"8026f0dcf9326b6e03398264445e7cba",1999-02-18,"Mexico","Sonora",213,71,"R","R","2020-08-17"
"e11da8753dee02729fa8dfa45dbfab6e",2001-11-11,"USA","CA",180,72,"R","R","2023-09-01"
"6ad0a4ab4c37dd488551422679847154",1996-04-07,"South Korea","Seoul",200,73,"L","R","2021-07-16"
"193e885708d578a7347480fbbbbd4644",1997-10-10,"USA","VA",245,76,"L","L","2022-06-28"
"45fb12edf72b70e3ba12c9950b3feae0",2000-09-24,"USA","GA",200,73,"L","R","2024-03-20"
"79dccd5322c2f75a0dca6f51fdac2648",1991-12-07,"USA","IL",180,68,"L","L","2020-08-22"
"d6b96de7e6a756021e4dca68e5592e4a",1992-04-21,"USA","CA",220,73,"L","L","2014-09-01"
"a799f6e5dc3d594f10d82a7ba9e820f3",2000-12-31,"D.R.","La Altagracia",200,74,"R","R","2022-06-18"
"6f99e453fec4c925cade13e0b1af6df3",1997-09-22,"D.R.","Distrito Nacional",202,72,"R","R","2022-04-07"
"3312c6017368dd2f720b1161bbbf5867",1987-08-14,"Venezuela","Carabobo",210,73,"L","L","2014-06-01"
"7fe1ee692394a275362d1892581752be",2000-06-15,"Venezuela","Lara",200,72,"R","R","2022-09-02"
"c4a93c65bb0480799c717f1e2c96e0f9",1999-10-22,"D.R.","Distrito Nacional",203,74,"B","R","2021-04-03"
"17baff2e6f83c4bec0a29d1811202bd9",2001-04-10,"Venezuela","Lara",191,71,"R","R","2023-08-22"
"c35f29c5d2ef2fe6b4b2b97a2532ff07",1990-10-27,"Venezuela","Carabobo",210,72,"R","R","2015-05-05"
"442b3fbfca8d57c2c954016611335944",1996-09-10,"Venezuela","Carabobo",205,71,"R","R","2022-08-26"
"65454922ccbb10461fb4c2a32d98dd9f",1999-08-12,"USA","FL",198,74,"R","R","2022-04-08"
"53c8ef4068cdb7fac292d091418af853",1992-08-07,"P.R.",,195,70,"L","R","2018-07-26"
"1d98b2b63f9342e105c5b0a0bf656d69",1988-12-23,"P.R.",,220,71,"R","R","2014-07-10"
"3ea6b33da620c343e9d2ac74e6d9e7a1",1990-05-10,"Venezuela","Carabobo",255,75,"R","R","2011-08-10"
"e29a5c8883647ea84f82036abba2c7ba",1996-09-10,"USA","AZ",197,71,"B","R","2023-04-19"
"3933a6bf3f9c9c8ec70cf8af33eca747",1990-05-09,"USA","LA",215,72,"L","R","2014-04-25"
"065cb6148b756da28fe36146193c293d",1988-03-08,"USA","NV",223,73,"R","R","2014-09-09"
"7e2b8eeb5ee6bd2b4a9e3669826bc892",1994-05-30,"USA","FL",195,72,"L","R","2017-06-05"
"b85e72f4aefaea2b3fb31cd79e94183a",1994-09-11,"USA","MD",215,74,"R","R","2018-07-03"
"e456a16a373396fc0799c9678239ca58",1989-01-04,"USA","CA",200,72,"R","R","2013-08-14"
"3d0007e7d76a7faed16f56e6926971d6",1987-06-05,"Venezuela","Lara",222,72,"R","R","2011-08-03"
"795203c0edff92b2f0ac194bca4f4332",1992-03-29,"USA","VA",210,74,"R","R","2016-08-20"
"fe02ad64c2dad6acecdedc577100c878",2000-04-03,"Venezuela","Aragua",188,71,"R","R","2022-09-11"
"90b82bd6039f3d56b359a997e5496e1d",1996-11-02,"Venezuela","Aragua",195,70,"R","R","2022-04-26"
"b5473de6a1221171f16493ea5a51bf68",1991-01-14,"USA","CA",211,76,"R","R","2015-07-21"
"e75282dd6823ba35a77966619214b7b8",1991-02-26,"USA","IL",208,74,"R","R","2015-04-21"
"1af14834f9c0228209f24926cb9434ec",1996-07-31,"USA","MI",200,70,"L","L","2022-04-15"
"9aeca45f51d875f165f7e7d781fa9e0c",1993-07-05,"D.R.","San Pedro de Macorís",208,71,"B","R","2014-06-26"
"2a2b670f48eba7b83f80022064c06c99",1987-12-05,"USA","CT",210,73,"R","R","2012-04-18"
"ea532d25895951d44688cae2f585cc1d",1995-07-12,"USA","AZ",200,72,"R","R","2023-09-12"
"2bdc88c91619c3e531d2c93d38a7a047",1997-06-14,"Venezuela","Zulia",201,72,"R","R","2021-08-13"
"90e3b1011ee7c19d361edf9c68fd85e4",1998-10-06,"USA","CA",215,73,"L","L","2022-07-14"
"25999bd4ef7b5ce7b2cd636783db4f64",1996-12-04,"USA","TX",195,73,"L","R","2022-09-24"
"a6d17b00fed0e46319b8e8f87fd58c2f",1993-02-20,"Curacao",,184,72,"B","R","2012-09-02"
"5cc30873a52a6a8e780085c2fce53f97",1980-01-16,"D.R.","Distrito Nacional",235,75,"R","R","2001-04-02"
"8551d88046236502448f5ee99be0ddd5",1992-09-19,"Venezuela","Lara",198,69,"B","R","2016-09-22"
"191c9f5132a6038cff2fdf1c506fd461",1993-05-14,"USA","FL",175,70,"B","R","2016-09-11"
"861b503b3ba6bc74754ab5d2736de32c",1992-02-17,"Mexico","Sonora",199,66,"L","R","2022-09-17"
"aceaf15118d4634e68992ac0ff64b9a6",2000-09-18,"Curacao",,165,69,"R","R","2023-08-28"
"be525729a804605bece75dbdf4f04a92",1996-11-26,"USA","NC",235,75,"B","R","2021-07-11"
"90b35bad277339e39b9929c824199e0a",1994-09-19,"USA","OH",235,76,"L","R","2021-04-09"
"5a8aa71b12495e1f385fa716846dd124",1994-09-06,"Colombia","Bolivar",232,70,"R","R","2019-05-11"
"234264337a29ce74ca6db51406282d7b",1992-09-17,"D.R.","Peravia",190,69,"B","R","2013-09-01"
"a58eb0819728b318475212151ecb300b",1999-09-07,"P.R.",,188,73,"R","R","2022-04-10"
"e3560308fe1286dd42d5939a59d9d8bf",1992-04-15,"P.R.",,215,72,"B","R","2021-09-05"
"cbbb22d073dea0f9f254a390cf6a8fb4",1990-07-01,"USA","IA",235,77,"R","R","2015-08-11"
"b593ecdbea0e9a882957c83b036265b3",1991-03-18,"USA","OK",212,73,"R","R","2014-06-05"
"96f77bcd898d3c3f129623e32753819c",1996-01-03,"USA","NE",205,72,"R","R","2021-07-10"
"5da60d38be5d9babbd17bfe7aa055a2c",1991-03-26,"South Korea","Seoul",205,72,"R","R","2015-07-11"
"40c7019e4079b2ec5c8e10262541183a",1993-11-12,"USA","IL",190,74,"L","R","2021-06-21"
"6edfb30a1d68b65c14bb017480ef50ed",1994-02-21,"USA","NY",185,72,"R","R","2023-06-17"
"378da43032591e15cb65133d84d5a16f",1990-06-06,"USA","TX",200,73,"R","R","2013-04-21"
"13ba41d6310fa34e4be1a28001b98820",1992-01-28,"USA","MS",230,73,"R","R","2016-09-21"
"b9dd4064a650cd666cf5f13f15ef5b28",1997-02-26,"Venezuela","Carabobo",195,70,"B","R","2019-04-25"
"d2b9090e248d86372f8a0791f60192e0",1995-07-07,"D.R.","San Cristóbal",265,77,"R","R","2018-05-14"
"fadd6f59cee0f5297ed58007c1417bac",1993-09-05,"D.R.","Distrito Nacional",175,68,"R","R","2018-09-02"
"0d9cde82234a6e18ef2d3b6cc04a7f50",1994-10-05,"Venezuela","Anzoátegui",194,77,"B","R","2018-04-01"
"15d4b8d4df0762e6e2608c02919b57cd",1995-01-27,"USA","MD",205,75,"B","R","2019-04-20"
"ae868a514de667e03486c79d53474f93",1990-12-03,"USA","OK",210,73,"R","R","2016-05-17"
"b07f28c5ed5d3dcab5c062dd878ad902",1991-10-12,"USA","KY",190,73,"L","R","2017-04-11"
"8c76e60debfd291b884d9a0979b3b0cd",1997-04-02,"USA","TN",240,75,"R","R","2019-05-15"
"340e37c31d4fc6104a41167932dc5c99",1994-04-21,"P.R.",,220,75,"L","R","2019-06-27"
"b3f9eaf0322307298de4885f52291c20",1996-09-13,"USA","CA",190,71,"L","L","2021-08-29"
"16e50d08abcd0ccc9fcbc75eb72ee81a",1996-06-29,"P.R.",,225,74,"R","R","2021-06-28"
"e8b028f31c976323426e65f7277520d6",1998-11-16,"Venezuela","Aragua",210,73,"R","R","2021-05-08"
"6d5b478b7726f890627caf30ed2945d4",1989-08-08,"USA","FL",240,75,"L","L","2011-06-09"
"0f8e0c30f7877ff393cb01ea608dbd7e",1997-08-03,"Cuba","Guantánamo",220,74,"R","R","2020-07-24"
"e8381ad7da0f8bbf2b1c36df82e83469",1985-04-09,"USA","AL",195,71,"R","R","2008-06-29"
"ec90a8717e9aa94bbce069a1f8966e5f",1994-09-20,"USA","TX",166,70,"R","R","2022-05-10"
"8830371fa9f04cff1dd5214de84fa75d",1994-12-14,"USA","IL",221,71,"R","R","2022-08-24"
"d040f6b0eda74ea04d97f9a6cb3a209e",1997-05-19,"D.R.","Santo Domingo",195,72,"R","R","2017-09-07"
"426501be8679f4549ddf4cd668017f0a",2001-01-13,"Venezuela","Distrito Capital",170,70,"B","R","2023-05-16"
"8a9d55dce4f7f224774182e58e1a0a9e",1996-08-09,"USA","FL",204,72,"R","R","2019-05-17"
"7d37f214ca940b64c337a562ffcac972",2001-05-13,"D.R.","Valverde",175,71,"R","R","2023-06-20"
"808ccf41f69833a0ec79d69d096e2ce4",2000-12-29,"D.R.","Dajabón",228,75,"R","R","2022-04-08"
"7dd26c1c0c3b27aba24ae75198c5d6e8",2000-05-26,"D.R.","Santiago",200,72,"B","R","2023-07-17"
"15a220963985eb77bf426e4284b770a4",1995-04-18,"USA","TX",201,73,"R","R","2019-07-30"
"0db3381c8014d17f30dfafdad69883f0",1997-11-13,"USA","NM",217,77,"L","L","2020-08-25"
"77a765740294fb84fdb22c0a0400dfaf",2000-08-14,"D.R.","San Pedro de Macorís",165,71,"R","R","2023-07-15"
"598afc65004f475c48cd633ff1219e5d",1993-02-24,"USA","CA",200,72,"L","R","2021-04-02"
"081855e507f901fdd6be9d458dd2d4ef",1994-06-30,"USA","AZ",207,73,"L","R","2019-08-12"
"9b731a54bdb07266f2274eba1fc641b2",1989-02-24,"Venezuela","Miranda",188,72,"R","R","2014-06-06"
"b76e8582ecfb241a5e4e3ef83bbe0318",1988-11-22,"USA","CA",216,73,"R","R","2011-09-11"
"d23a307651c4925ee7968d2fca0363ae",1994-11-01,"USA","TN",225,76,"R","R","2020-09-04"
"38405bbe6cb09ba62f1357fb0885aa27",1997-09-25,"USA","WI",205,70,"L","R","2021-04-30"
"746868608668004298b9d317b9f97839",1995-11-20,"D.R.","Distrito Nacional",190,74,"R","R","2017-08-01"
"5322f58aa3c72a4e8ec8c2307aa02d0a",1991-09-28,"P.R.",,180,73,"L","R","2015-05-06"
"04f4179afa843e6c01a3310799220178",1999-08-25,"D.R.","Peravia",150,69,"R","R","2022-08-26"
"b704ef078a2424328df471078757f3ac",1986-07-28,"USA","NE",232,74,"R","R","2012-09-14"
"0d35048329294360ef60084a3fcb757e",1999-02-15,"D.R.","Azua",169,72,"R","R","2022-07-12"
"a876d2f2d0f9afbbccae57dc9075568f",1998-07-20,"Venezuela","Carabobo",225,72,"B","R","2020-08-16"
"cbc7dfd8cb2c2c4a7ae8731f27018ce6",1997-05-02,"USA","CA",205,73,"L","R","2023-08-04"
"4095271b05860f2eb0cb42e46d3d9502",1998-02-06,"USA","OR",220,74,"B","R","2022-05-21"
"f330e1b0473e13e7723e1c78359db484",1998-01-07,"USA","CA",225,76,"L","R","2023-03-30"
"ca144e9b6f77d3439bca053b77c011fd",1996-03-15,"Mexico","Sonora",185,69,"L","R","2023-04-02"
"e743fafdcc8f4a24931aea0b2b17cfb0",1997-01-20,"Venezuela","Lara",200,73,"R","R","2020-08-10"
"a4c65298db81b73f86f56076d3c46c4d",1992-06-29,"Venezuela","Aragua",210,72,"B","R","2014-07-13"
"b34db969d547a56f91b8ff8491a47912",1992-12-02,"D.R.","Distrito Nacional",230,74,"R","R","2015-10-03"
"a55f066a94a8a8ebcff820cac1eef8ca",1997-10-07,"D.R.","La Altagracia",222,75,"L","R","2020-08-21"
"3366b823d3d1e1425e9055a070de920d",1996-05-16,"USA","AZ",190,74,"R","R","2022-09-02"
"558cc3d5023294f61f248bf020db86c6",1996-04-15,"Colombia","Bolivar",160,74,"L","L","2021-09-27"
"1e911fc36b3bec17d24ce21f2b0d74a9",1993-05-11,"D.R.","San Pedro de Macorís",272,76,"R","R","2015-07-02"
"1c614b599470f5c2df9170ee534a6208",1986-04-08,"D.R.","Distrito Nacional",215,71,"B","R","2010-06-11"
"22d1e180edc17af613a0e73dc5bb3a23",1994-10-19,"Venezuela","Nueva Esparta",235,74,"B","R","2017-08-18"
"c16b2e0a60c0db73fdf51192c78bfc15",1993-12-17,"USA","DC",215,75,"R","R","2019-06-20"
"f36b61fe8383556138e4eb2673d31fa3",2002-02-14,"USA","FL",220,76,"L","R","2023-08-18"
"343cde99394452714dd4b27ed40f8dd0",1999-03-01,"USA","CA",215,74,"R","R","2023-05-09"
"9233e43d14f5a75005a13cbf4d6209f3",1999-01-26,"USA","NJ",190,69,"R","R","2023-08-04"
"e1fd923d20139ebffad209b3bd1e52ae",1991-10-16,"Curacao",,247,73,"R","R","2013-09-25"
"891a4a26e5f175b4b39b9cc5b30b1ca2",1994-10-12,"USA","WA",185,69,"L","R","2020-08-15"
"27106311400b690ab30c2a775aab3ac3",1993-03-05,"USA","OH",229,72,"L","R","2015-06-16"
"3bd39d759bc01a58a0a92d18d2ce1d08",1992-06-29,"USA","NJ",220,73,"R","R","2019-03-28"
"519958ab75d63677ce3c683318f69e7e",2001-02-12,"USA","GA",190,71,"L","L","2024-03-28"
"6fe02c79f531459514feff6a723330f0",1994-04-27,"USA","NC",215,76,"L","R","2015-09-03"
"e1bc9a6ebb143a1f5935a20664332d5b",1996-05-23,"USA","NC",190,70,"R","R","2023-09-30"
"5695b3555edc4cf850cd0a42d5baa208",1990-03-17,"D.R.","San Juan",220,70,"R","R","2012-07-24"
"0fec1c4b9ea4a39af7e767ad00313d3d",1990-09-17,"USA","CA",195,72,"R","R","2013-09-04"
"731e4562e464bfa43cd4c63fae362a13",1995-06-29,"USA","GA",205,73,"R","R","2019-05-03"
"8191c75f507068595fe0ccc0bc5db002",1995-05-05,"USA","CA",207,72,"R","R","2022-05-18"
"94c10643df640e6537f0c90de3fe201c",1993-07-20,"D.R.","Monseñor Nouel",235,73,"R","R","2015-09-20"
"ccf75a8ab264e74596a3f2d1d9907d61",1990-04-16,"USA","OH",230,76,"L","R","2015-05-08"
"3f73440a2b7dda75388d6e9d40311eb4",1996-04-23,"USA","MD",230,77,"L","L","2021-06-29"
"e764df6faeb93b93d36675ac5acbd6b3",1998-01-22,"USA","WA",205,72,"L","R","2024-03-31"
"765104fd32e491db5dc42b3eb5af5db0",1997-11-19,"USA","TX",190,75,"L","R","2023-05-05"
"71c737a0daac47bcf51c08201f81588c",1995-05-29,"USA","NY",180,70,"R","R","2021-04-21"
"dc617b30244057507d6bc4dab51a13de",1999-07-16,"USA","PA",188,73,"L","L","2022-09-22"
"2968a219d4b0cdce6a4142344d95206d",1996-04-07,"D.R.","San Cristóbal",178,71,"L","L","2017-05-07"
"fe052acf15215c37633ec33ec8e9ed31",1989-09-04,"Curacao",,195,74,"R","R","2012-06-02"
"e544afd7c1758295ed2189db68e82b67",1991-09-18,"USA","CA",230,74,"L","L","2014-06-03"
"a93acfef781984939496f8620a4a5a21",1995-07-22,"D.R.","Monte Plata",175,74,"R","R","2021-09-03"
"a42c8e534f8534d497be0d2ebb91c35e",1992-12-13,"USA","FL",204,73,"R","R","2017-06-02"
"2d6bbf7997f62bb54dd1c0cd7a814dce",1995-06-15,"USA","CA",222,72,"L","L","2017-08-11"
"d1f8ec9f710589d00679471822b64b0d",1997-08-07,"USA","LA",172,70,"L","R","2022-05-30"
"f7f9a01fc9cd5977e0077882a9f2e8e9",1996-07-04,"USA","NY",190,72,"R","R","2021-08-18"
"c4891ff5e2df33eeab5d57cd575ed3c4",1996-02-06,"USA","FL",208,74,"L","L","2020-09-12"
"3afa2698abb43e3d626e6f625ee75133",1995-03-28,"USA","KY",195,70,"R","R","2019-05-28"
"e666f3508346cb1fe9ceb911b33f2c77",1999-04-30,"USA","TX",230,72,"L","R","2022-06-14"
"c2ea5c4964fbd9a91b44a770d53e4d67",2001-11-24,"USA","CA",200,73,"L","R","2023-07-14"
"9130de391b54c82df3f4994c1ecd1298",1995-01-11,"USA","IL",185,71,"R","R","2019-08-20"
"046cc76b7935cdada0efa288a0a82f33",1987-12-17,"Colombia","Atlantico",210,68,"R","R","2012-05-21"
"454b3f9a9b245bf9f3ecf4aed33daba8",1992-02-25,"Cuba","La Habana",235,76,"R","R","2014-08-27"
"c5b4741a09c60a06ae122d2ad46abd17",1996-03-06,"Panama","Panama",210,72,"R","R","2018-09-23"
"dcfa48e2a419faa6264d2a26613d2f19",2000-01-25,"Venezuela","Bolivar",180,72,"R","R","2022-06-23"
"909704623cbfe2c0c2549d419f737676",1998-10-25,"D.R.","Distrito Nacional",224,74,"L","L","2018-05-20"
"edab64d592e2bb3ec8516ecd876d3651",2000-06-22,"Venezuela","Carabobo",160,72,"L","R","2022-09-17"
"b43a8fc83bc5ceea8b5a254378628398",1989-04-24,"USA","WA",225,76,"R","R","2014-04-13"
"1fb0d374206b7c66c3b0083d1566c26c",1989-09-19,"USA","CT",220,75,"R","R","2014-04-16"
"4d1958d865e6401853a122d09ed91c77",1989-12-22,"USA","KS",225,77,"R","R","2016-06-19"
"d5de1ccaf7debcb5403b1e0b07922c8e",1989-11-08,"USA","CA",245,78,"R","R","2010-06-08"
"93c7887a397b019280fbab5c8c377c10",1991-03-15,"USA","CA",200,70,"R","R","2013-08-20"
"3422eb78d602b650907e710ec30f8fc9",1997-12-07,"USA","CA",185,71,"R","R","2022-09-02"
"95a81ee1840d6117635fb4d24713bbc2",1996-02-24,"USA","ID",180,70,"R","R","2022-07-03"
"281734cfdcddf4dba9fafa543d525302",1996-08-16,"USA","GA",225,76,"R","R","2020-07-27"
"5201265d7165adc7e74679e8b3bdc2c9",1994-06-01,"USA","LA",191,72,"L","L","2017-07-23"
"4a3ac4cd68799b2d44def195d0dc19e2",1996-09-12,"USA","CA",175,70,"L","L","2022-08-10"
"8b24eaec6b84a0080c8d908f2bf893c1",1993-11-30,"USA","FL",210,72,"L","R","2018-09-12"
"82e5244be04a5c68c27d6c92c2e1d265",1992-11-15,"USA","TX",213,74,"R","R","2016-04-04"
"c467dc180dccff0d28679a066edefa14",1997-10-06,"USA","NV",200,75,"L","R","2022-04-08"
"92ca3476ed39b99af4c29d83a91071a2",1998-01-02,"USA","CA",200,75,"L","L","2022-06-13"
"c92923c7455c1d2e2749ae73c51fc7eb",1988-04-22,"USA","FL",166,71,"L","R","2011-06-06"
"74fdc133a8060f04eeccec944c5a1387",1994-10-17,"USA","CA",178,70,"R","R","2018-09-15"
"bbae42822f70ddcf6168fd97bb1f6c11",1993-05-26,"USA","CA",170,70,"L","R","2019-05-28"
"44d1cd09dfd38461bdea9e31f0b3d4b0",1991-07-18,"Venezuela","Bolivar",213,71,"R","R","2014-06-04"
"5abeaac6ce04052c1bcc38ff5706deca",1994-02-22,"USA","CA",195,73,"L","R","2023-04-18"
"cca745baff0afd4d31ef13a64a7792ca",1998-07-29,"USA","IL",215,74,"L","L","2022-04-26"
"e3a074774cfb784d2ae90ecc86b46f5e",1983-10-04,"USA","HI",210,71,"R","R","2007-06-12"
"46e99593e33140da0344618da6287516",1994-08-18,"Japan","Tokyo",182,71,"R","R","2022-04-07"
"95a90a31dafd9784a461acb2115cd4f8",1997-08-19,"USA","LA",200,70,"L","L","2022-06-07"
"40d93557ea1a80a026f225c9451e36e8",1994-02-11,"USA","GA",190,73,"R","R","2016-08-17"
"173fca499adfa8c9988c3f1efd3ca7b0",1994-02-04,"D.R.","San Pedro de Macorís",175,75,"L","L","2016-09-02"
"f40dda198b3adc2bf6d877a718ccf53c",1999-01-02,"D.R.","San Pedro de Macorís",217,75,"R","R","2019-03-28"
"da2a0b1dc2b8a2bd2dffddb111f7ec55",1990-12-03,"USA","IL",220,74,"L","L","2017-06-27"
"786b67271d9644aa78b7c072634a48a6",1998-09-08,"D.R.","Hermanas Mirabal",195,74,"B","R","2020-07-24"
"37dce59d7e5887baed06c3cade3d1878",1990-08-29,"USA","VA",196,73,"R","R","2014-07-24"
"bd477d4cb1216626f191c57da6f0be1a",1991-03-26,"USA","FL",215,76,"R","R","2014-08-12"
"99b9cff73fd5b4a15c688846aaa8bd55",1998-07-11,"USA","CA",160,68,"R","R","2023-06-17"
"968fb8c29e86688a57560a4a1c3b6e5f",1994-01-22,"USA","CA",194,72,"R","R","2019-09-07"
"28be1c0c59fa14dd80137bdf63e5871e",1995-03-16,"USA","CA",255,76,"L","L","2018-09-05"
"a198f3fd5a4afb55d522285e8bbd6407",2001-03-20,"D.R.","San Cristóbal",195,71,"L","R","2023-08-05"
"ce6b4f36eb5c92f112960a4eae1fe594",1995-05-06,"USA","NJ",215,72,"L","R","2019-07-03"
"6d74c4baec692856ee9b6e2213f5522c",2000-04-28,"USA","IL",175,71,"L","L","2022-05-08"
"2dbec4175425c6a7340816c8c1c7d457",1994-10-08,"USA","TX",211,76,"L","R","2022-09-01"
"4a6e3d8c12f34f67ff351bc6d3f79f76",1992-12-10,"USA","TX",215,73,"L","L","2021-06-09"
"01869ce95fd9479eb0d81c2f4813d289",1995-08-23,"USA","TN",191,72,"R","R","2019-04-17"
"b42ef5e8aae1a7198919b20a89b794d3",1998-06-09,"USA","AL",197,74,"R","R","2022-08-04"
"11b909a8dffa3105a084cc9f6a1dbf52",1991-03-15,"USA","CA",225,75,"R","R","2015-08-04"
"48a031127abc61849f8643b73d0e9a9b",1998-08-16,"USA","AZ",226,77,"B","L","2022-08-30"
"03733d9beb7a90c593ec36772d5bcef2",1994-05-29,"USA","HI",185,69,"L","R","2021-04-01"
"16c7ccd26c0ce6919725164533581a20",1999-08-26,"USA","CA",220,73,"R","R","2022-04-08"
"225d424d0584bca48467096c512e5b7f",1996-12-20,"CAN","QC",225,72,"B","R","2019-08-22"
"83500012332e3e203393bf9f7c8c202d",1996-05-02,"Venezuela","Carabobo",217,72,"R","R","2017-04-03"
"56bb0353ea29f79b75bbd46b05bc8801",1996-12-13,"Venezuela","Distrito Capital",205,73,"R","R","2018-04-22"
"e704a4d47194c972697db62036a6877d",2001-08-01,"Venezuela","Aragua",162,72,"R","R","2022-09-23"
"5c13cf6a695812f85bff757c6c833062",1997-09-13,"USA","GA",220,74,"L","L","2021-04-01"
"3cf6516a173d3ea9c80e5d56aade087a",1996-05-30,"USA","CA",205,74,"R","R","2021-04-10"
"3a4fe68b4f1532cfbc02e5bf3a22e64e",1992-11-28,"USA","TX",215,70,"R","R","2018-06-15"
"29500687d533986db50b8032c7f6c378",1998-02-08,"USA","NH",210,75,"R","R","2023-06-28"
"f7b4ae303d6eccf0500eff404e4de0ee",1995-03-21,"Aruba","Oranjestad",221,68,"R","R","2020-07-29"
"88da9ee44c32638e263dfdb46fc5f712",1991-08-07,"USA","NJ",235,74,"R","R","2011-07-08"
"1ea1e7fbe455c32d8e1685f75d94d7f1",1991-11-26,"Japan","Wakayama",225,73,"L","R","2020-07-24"
"e1d7bdc5066ea2003cf80b7a4fafa649",1996-07-03,"USA","AZ",200,75,"B","R","2019-04-20"
"f8f090fd936248eea27f0d85c3e7e55c",1997-01-17,"USA","FL",199,76,"L","R","2018-07-07"
"f8c0eedaa1a313500fc6367590ab818e",1999-11-21,"USA","CA",176,72,"L","R","2023-03-30"
"923a2bc841fc2ab8e0780e06b3d46a73",1984-11-23,"USA","CA",202,71,"R","R","2009-09-08"
"fca9468601d852684db8a435fd97bea0",1993-06-30,"USA","FL",185,74,"R","R","2015-08-21"
"8379946628e4cb00ec65391162bbee60",1987-08-25,"USA","VA",215,73,"R","R","2007-08-02"
"54ba273215fbe1c0aaf6e60ce39be65a",1997-06-03,"Mexico","Sonoro",186,69,"R","R","2018-08-28"
"29027a92a604e0949b987fcc49eb3451",1994-06-03,"Mexico","Sonora",190,72,"R","R","2020-08-20"
"159a9a80a6bf910ef5b83d4a619f62cc",1991-10-11,"Colombia","Bolivar",215,72,"R","R","2015-06-09"
"fed5dcf4150715741826192453c01d6f",1998-12-28,"D.R.","San Juan",191,68,"L","R","2023-04-19"
"a7fdb669cbe1a9c0aeff63d710759452",1995-03-10,"USA","IN",194,71,"L","R","2019-05-05"
"11be0a76ba1785ef20ef98951ac2d9af",1991-07-16,"Venezuela","Monagas",180,72,"B","R","2017-06-29"
"6a035fbeaf5529e430c2a045a6a337d5",1999-11-17,"Cuba","La Habana",205,75,"R","R","2022-08-03"
"7ab6d6e9821328057bbc4750733534fa",1996-07-02,"USA","WI",207,70,"L","R","2020-07-30"
"9fd88473b1a11d52c8f9dbde22e3f89f",1998-04-03,"USA","CA",215,72,"R","R","2021-04-02"
"2dc5f75817b782966d830c246e2aefb9",1997-05-12,"USA","WI",200,73,"L","R","2022-07-29"
"e4c48252d85618821a5f6db67918ed3b",1990-08-21,"P.R.",,205,69,"R","R","2014-07-09"
"ee7304807fa40c1e28530c29252bbf15",1994-07-14,"USA","NY",170,69,"B","R","2018-09-02"
"ef4e42aa55570e1db9f4614ea70be8ff",1998-12-26,"P.R.",,200,72,"R","R","2022-05-30"
"ed423be6fbf80eeaa8789b6e0c6d964f",1996-05-15,"USA","AZ",192,72,"L","L","2017-09-01"
"3d8437a3bb20ced6faab8f7665ecf764",1999-12-11,"USA","FL",220,75,"R","R","2022-09-11"
"76e7f66123d4acc1358e0e222e6df3d4",1996-09-16,"USA","MO",205,75,"R","R","2021-06-19"
"41c603603c81871ca51dccf896446729",1999-02-18,"USA","TX",226,74,"R","R","2021-09-18"
"9307478bc11a64abc76e51f51a748fd4",1997-01-27,"USA","GA",215,73,"R","R","2022-07-04"
"26c423e84ce970bc5c79fdd4b290e836",1991-05-02,"D.R.","La Vega",233,72,"B","R","2013-07-22"
"7cacbadc54fe9b0248a88bd6011b097f",1997-02-15,"Colombia","Bolivar",225,71,"L","R","2018-09-02"
"e792d12071c15e42ab55f579b3f108b8",1992-12-17,"USA","FL",270,72,"L","R","2016-09-12"
"b1f2b672745f6a5b14a70b859cd55254",1984-11-01,"USA","CA",216,72,"L","R","2012-04-06"
"d72110ef567042da8827291f640c56bd",1991-02-13,"USA","MO",255,75,"R","R","2017-06-25"
"9c17ec9b2915ac649aded579ef9d87f3",2001-04-28,"USA","NY",180,69,"R","R","2023-03-30"
"c9a2ec433e0e6e72d122227473379ca7",1993-09-06,"USA","NY",220,73,"L","R","2021-04-24"
"a4f989103ea4484e1b8ef797ceb2b9d4",1983-09-10,"CAN","ON",220,74,"L","R","2007-09-04"
"fc0c626105fb1408ac45947f3b5a144d",1994-01-01,"USA","MD",205,73,"L","L","2019-06-28"
"b19c0fb00f92e7f15ec926ebaf09f415",1994-11-23,"USA","CA",188,73,"L","R","2017-06-27"
"cc9d87b6710afc794f5fa38a7316dcf1",1981-08-30,"USA","GA",230,79,"R","R","2005-09-11"
"b362dd68d13acd5b6bf37b7b275dea6a",1991-03-28,"USA","PA",208,72,"R","R","2014-09-17"
"407c8a1adf74b73f59471c99a1acb801",2002-05-22,"USA","GA",220,77,"R","R","2023-03-30"
"08c5121aadf2e71ffc8232fb46434c07",1996-07-30,"USA","TX",209,71,"L","L","2022-06-05"
"c132459f056a0e73df3639f9c6ec24b2",1995-11-20,"USA","FL",195,72,"L","R","2023-07-22"
"f9bcd64f2ebea3c0b6ec3e2b82a8afc5",1991-11-04,"USA","CA",246,74,"R","R","2017-08-27"
"45ff1998b2678ca86ef01f69f048209c",1997-12-12,"USA","MN",220,77,"L","R","2022-09-17"
"20e83edb062809eae2051e684fb00847",1996-07-10,"USA","GA",185,70,"B","R","2021-05-22"
"d222964f03d4bb3180a2316d0cb479c2",1993-07-30,"USA","WI",210,72,"L","L","2019-05-15"
"8fa2ed44163ebfb2fa384f93b0e3e3ea",1994-05-25,"USA","TX",190,70,"L","R","2019-09-10"
"c9765411319698e476d7893d9b581b84",1993-12-14,"USA","OH",200,73,"R","R","2018-08-14"
"b47356780f21296f544fcf18c45614a0",1998-12-30,"USA","GA",185,74,"B","R","2022-08-22"
"4295c8b09aff40297041afe51ad95148",1993-08-21,"USA","FL",183,74,"R","R","2016-08-13"
"dc50ddaf1b715dac9799634bb9e908ca",1999-07-12,"USA","AZ",220,72,"L","R","2023-09-01"
"141630399203fb037f45aa2e2f59cfaa",1990-04-26,"USA","DE",195,73,"L","R","2016-08-31"
"3c398e2b3f3f01158dd7f413cf9c502d",1999-02-18,"USA","TX",210,74,"R","R","2023-06-26"
"fd9ec92a922f40e8022db2648e5d08c2",1994-06-26,"USA","SC",195,75,"R","R","2020-09-01"
"d9f3117d972d3c3da9d6d2a096b92618",1996-09-02,"Australia","QLD",210,76,"R","R","2020-07-25"
"a156a22596512c0cb8853824fd057d35",1999-02-11,"USA","OH",220,76,"R","R","2023-04-01"
"9a8cc80f42def8364973cdfc635ae34a",1999-03-12,"USA","CA",180,73,"R","R","2023-07-25"
"bfdad8af67b3697fde32554171b17586",1996-08-09,"USA","IL",186,73,"R","R","2021-06-08"
"ed3ffbe633c769cfb71175f32d291fd6",2002-03-30,"USA","CA",190,74,"R","R","2024-07-19"
"c7bfe95a9315e10a00a0e7fec2db101e",1996-08-15,"USA","CA",198,74,"R","R","2022-06-29"
"3ff02a05fe2052e95808c4dff64b6bd3",1994-09-11,"USA","NC",215,75,"R","R","2023-08-09"
"0ec9ef08a100285c7b3356a3fdfc02bf",1993-08-17,"USA","NY",215,75,"L","L","2017-04-14"
"6722f0283b050816830fb1f69265fadc",2002-03-21,"USA","TX",180,71,"R","R","2023-08-18"
"b04b78444c4740fae5a6ed9640105d86",1991-08-27,"USA","CA",220,74,"R","R","2018-08-12"
"3e7f7d55b511b60e224a128c5973ffd2",1999-05-08,"USA","FL",180,70,"L","R","2023-03-30"
"1ab6e77127b9bf578e30170801387ca3",2000-06-14,"USA","TX",200,73,"R","R","2022-04-07"
"5498ee8067df5646998fac7ee1253b11",1992-06-09,"USA","CA",195,70,"L","R","2016-04-05"
"77cb6344f9eca28f860879971272ef1e",1996-05-19,"USA","TX",181,73,"R","R","2021-06-22"
"18f02f565c08adceea1ec2acf508a931",1990-10-10,"USA","HI",185,67,"L","R","2013-08-16"
"162e4692c7b1a616f588d2aaf3628400",1990-12-10,"USA","CA",190,72,"R","R","2018-06-05"
"161039e3ab42273257e35faa1c8bac0e",1990-08-23,"USA","MA",178,70,"L","L","2019-05-25"
"069e0c820e57321c1687d7091a049d55",1991-12-05,"USA","CA",195,75,"L","R","2013-07-23"
"ede8beb9d3b607459b730c1a21a50c71",1998-02-19,"Venezuela","Distrito Capital",200,73,"R","R","2022-05-04"
"671fe7636896451ed6dfc32897fa4699",1993-07-15,"Japan","Fukui",176,68,"L","R","2023-03-30"
"b65580fad7b4e99942d6ec454e599473",1999-07-27,"USA","FL",180,71,"R","R","2023-08-26"
"aea01954a245dcc50ea9a84d4a05a29b",1995-07-09,"CAN","BC",185,74,"L","R","2022-09-16"
"8701425bca8b1dd0c902dff42b0bf251",1993-08-28,"USA","TX",205,71,"R","R","2019-05-25"
"7e7b98e1088d6210a9080ff0a938ebfd",1992-11-27,"USA","CA",185,76,"L","R","2017-05-16"
"ea877e1c5b66feca4cc13db1aaf85cfc",1991-03-25,"USA","FL",235,74,"R","R","2013-06-12"
